Brand,Model,Version,Year,Milleage,Doors,Fuel,Shield
Renault,Sandero,RS,2017,20.000 km,4,Gasolina,777
Renault,Sandero,life,2019,7.160 km,4,Gasolina,Par
Renault,Sandero,GT Line,2011,82.200 km,4,Gasolina,nan
Renault,Sandero,Life Evolucion,2020,1 km,4,Gasolina,000
Renault,Sandero,Expression,2011,102.919 km,4,Gasolina,Placa par
Renault,Sandero,nan,2016,39.000 km,4,nan,IFR499
Renault,Sandero,nan,2017,37.000 km,4,nan,jcw634
Renault,Sandero,LIFE,2020,0 km,4,Gasolina,OOO000
Renault,Sandero,nan,2013,38.000 km,4,nan,impar
Renault,Sandero,nan,2018,44.000 km,4,Gasolina,efm917
Renault,Sandero,nan,2019,16.000 km,4,Gasolina,xxxxx4
Renault,Sandero,Autentique,2015,45.500 km,4,Gasolina,Par
Renault,Sandero,Dynamique,2014,71.300 km,4,Gasolina y gas,CUZ 479
Renault,Sandero,dinamic 1.6 2011,2011,70.000 km,4,Gasolina,2/bogota
Renault,Sandero,Expresision 2013 AA,2013,80.300 km,4,Gasolina,NCQ676
Renault,Sandero,Sandero,2017,18.000 km,4,Gasolina,Jek80*
Renault,Sandero,Sandero,2017,18.000 km,4,Gasolina,Jek80*
Renault,Sandero,Sandero gt,2010,122.000 km,4,Gasolina,Ddi 820
Renault,Sandero,basica,1995,100.000 km,4,Gasolina y gas,bup590
Renault,Sandero,Sandero RS,2017,7.100 km,4,Gasolina,Par
Renault,Sandero,Autentique 2012,2012,84.000 km,4,Gasolina,Pares
Renault,Sandero,life,2019,7.160 km,4,Gasolina,Par
Renault,Sandero,Gt Line,2014,33.400 km,4,Gasolina,***-**0
Renault,Sandero,NEW SANDERO RS 2.0 MEC,2018,9.850 km,4,Gasolina,EPS098
Renault,Sandero,GT EDICION ESPECIAL,2010,92.000 km,4,Gasolina,DDD146
Renault,Sandero,SANDERO EXPRESSION,2016,75.000 km,4,Gasolina,FFFFF2
Renault,Sandero,GT MUSIQUE,2011,84.500 km,4,Gasolina,RBT667
Renault,Sandero,EXPRESSION,2014,91.000 km,4,Gasolina,HJW998
Renault,Sandero,DINAMIC,2009,90.000 km,4,Gasolina,COB099
Renault,Sandero,Dynamique,2009,100.000 km,4,Gasolina,DBN552
Renault,Sandero,Dynamique At 1600CC AA AB ABS,2017,39.000 km,4,Gasolina,IUW-985
Renault,Sandero,Sandero Dynamique,2017,25.000 km,4,Gasolina,DOY-210
Renault,Sandero,DINAMIQUE 1600 FULL  EQUIPO AUTOMATICO,2012,79.000 km,4,Gasolina,RMN759
Renault,Sandero,Expression,2018,24.000 km,4,Gasolina,***-**2
Renault,Sandero,SANDERO 1.6 AUTHENTIQUE,2017,63.000 km,4,Gasolina,DMV-091
Renault,Sandero,SANDERO RS SPORT 2.0,2017,28.000 km,4,Gasolina,DVU119
Renault,Sandero,Sandero,2010,52.000 km,4,Gasolina,Dcx604
Renault,Sandero,GT LINE,2012,61.000 km,4,Gasolina,RIN551
Renault,Sandero,HATCH BACK,2016,45.000 km,4,Gasolina,IIZ145
Renault,Sandero,Full equipo,2010,93.000 km,4,Gasolina,Ddx717
Renault,Sandero,GT,2011,95.000 km,4,Gasolina,PAR
Renault,Sandero,Otras Versiones,2020,0 km,4,Gasolina,000
Renault,Sandero,Sandero Expression,2012,84.800 km,4,Gasolina,MFT169
Renault,Sandero,GT LINE,2014,80.600 km,4,Gasolina,DJV 689
Renault,Sandero,RENAULT SANDERO DYNAMIQUE,2017,22.000 km,4,Gasolina,IWT869
Renault,Sandero,Expresion Exclusive,2018,14.400 km,4,Gasolina,DTP-713
Renault,Sandero,GT Line Mt 1600CC AA,2012,80.000 km,4,Gasolina,RKO-856
Renault,Sandero,GT LINE,2015,47.000 km,4,Gasolina,HVQ-404
Renault,Sandero,Authentique,2016,46.000 km,4,Gasolina,xxxxx0
Renault,Sandero,EXPRESSION MT 1600CC AA,2015,49.500 km,4,Gasolina,UTQ 696
Renault,Sandero,AA 1.6 5P,2016,24.000 km,4,Gasolina,IJO-843
Renault,Sandero,Espresion,2009,65.000 km,4,Gasolina,Dbq275
Renault,Sandero,DINAMIC,2009,69.000 km,4,Gasolina,DCF137
Renault,Sandero,LIFE,2018,27.500 km,4,Gasolina,DYZ 100
Renault,Sandero,Autentiq,2016,41.000 km,4,Gasolina,Ivu527
Renault,Sandero,Hatch back,2014,72.422 km,4,Gasolina,HEY467
Renault,Sandero,MT 1.6 full equipo,2012,68.450 km,4,Gasolina,RJV224
Renault,Sandero,dynamic,2013,94.479 km,4,Gasolina,*****6
Renault,Sandero,sandero lift aa abs  airbag,2019,4.000 km,4,Gasolina,FOS491
Renault,Sandero,EXPRESION,2018,17.600 km,4,Gasolina,DTN-111
Renault,Sandero,Autentic 1600C,2014,45.000 km,4,Gasolina,HKR917
Renault,Sandero,Expression AA 1.6 5P,2018,11.000 km,4,Gasolina,DVY-802
Renault,Sandero,Autentique 1.6 Mt Sa,2012,43.250 km,4,Gasolina,RMU965
Renault,Sandero,EXPRESSION MT 1600CC 8V AA,2012,44.600 km,4,Gasolina,MJW556
Renault,Sandero,DYNAMIQUE MT 1600CC 8V FE,2011,122.000 km,4,Gasolina,RHN164
Renault,Sandero,Sandero rs,2017,16.200 km,4,Gasolina,Eil 901
Renault,Sandero,Expression,2016,109.000 km,4,Gasolina,*****6
Renault,Sandero,STEPWAY MT 1600CC AA,2011,123.000 km,4,Gasolina,RGL 242
Renault,Sandero,Automatiq,2012,75.000 km,4,Gasolina,ROK-920
Renault,Sandero,Expression,2011,140.000 km,4,Gasolina,KBN811
Renault,Sandero,EXPRESSION MT 1600CC 8V AA,2017,43.000 km,4,Gasolina,JGV035
Renault,Sandero,Hatch back,2013,59.000 km,4,Gasolina,HAT043
Renault,Sandero,Expression,2016,33.000 km,4,Gasolina,***-**0
Renault,Sandero,Authentique,2016,76.000 km,4,Gasolina,IWO089
Renault,Sandero,AT 1600CC AA,2012,72.000 km,4,Gasolina,RLX-765
Renault,Sandero,GT Line,2011,82.200 km,4,Gasolina,nan
Renault,Sandero,GT LINE,2015,45.418 km,4,Gasolina,ZYL126
Renault,Sandero,SANDERO INTENS MT 1. 6,2020,180 km,4,Gasolina,FZY261
Renault,Sandero,Life Evolucion,2020,1 km,4,Gasolina,000
Renault,Sandero,MT 1600CC AA,2019,6.012 km,4,Gasolina,EMS-069
Renault,Sandero,MT 1600,2012,95.000 km,4,Gasolina,MCZ-795
Renault,Sandero,GT LINE,2012,67.000 km,4,Gasolina,KKU785
Renault,Sandero,RS MT 2000CC,2017,19.900 km,4,Gasolina,*****9
Renault,Sandero,DYNAMIQUE,2012,70.000 km,4,Gasolina,MCU037
Renault,Sandero,Expression MT 1600CC AA,2015,80.000 km,4,Gasolina,ZZU-966
Renault,Sandero,EXPRESSION 1.6 AA,2018,22.250 km,4,Gasolina,DQK-712
Renault,Sandero,Trip Advisor 1.6 Mt Aa,2018,11.900 km,4,Gasolina,JJM586
Renault,Sandero,New Sandero Aut,2017,36.403 km,4,Gasolina,IUW937
Renault,Sandero,Dynamique,2017,8.500 km,4,Gasolina,JET625
Renault,Sandero,SANDERO,2018,20.900 km,4,Gasolina,DQP739
Renault,Sandero,EXPRESSION MT 1600,2011,114.000 km,4,Gasolina,reb893
Renault,Sandero,Rs Sport,2017,47.000 km,4,Gasolina,*****9
Renault,Sandero,EXPRESSION,2016,33.000 km,4,Gasolina,XXXXX0
Renault,Sandero,Dynamique,2014,82.423 km,4,Gasolina,HKQ984
Renault,Sandero,GT Line,2015,57.000 km,4,Gasolina,ZYS648
Renault,Sandero,Autentique,2014,38.780 km,4,Gasolina,HJM500
Renault,Sandero,DYNAMIQUE,2013,71.000 km,4,Gasolina,NDZ 930
Renault,Sandero,Expression 1.6MT,2015,46.500 km,4,Gasolina,ZYW663
Renault,Sandero,GT LINE MT 1600CC 16V,2016,45.000 km,4,Gasolina,UTL906
Renault,Sandero,DYNAMIQUE AT 1600CC 16V,2016,11.900 km,4,Gasolina,UUS-648
Renault,Sandero,Authentic,2012,86.000 km,4,Gasolina,Rjt012
Renault,Sandero,AUTHENTIQUE,2013,122.500 km,4,Gasolina,MKK520
Renault,Sandero,life +,2019,3.300 km,4,Gasolina,FQX670
Renault,Sandero,Mt 1600,2016,47.000 km,4,Gasolina,IML-813
Renault,Sandero,Dynamique MT 1600,2012,92.000 km,4,Gasolina,RKR-685
Renault,Sandero,Expression,2015,51.000 km,4,Gasolina,URR179
Renault,Sandero,DYNAMIQUE AUTOMATICO,2018,24.000 km,4,Gasolina,DVZ118
Renault,Sandero,Dynamique,2015,28.500 km,4,Gasolina,8
Renault,Sandero,GTI,2010,79.200 km,4,Gasolina,Kam280
Renault,Sandero,Dinamique 1.6 full e. 16v mt,2016,29.000 km,4,Gasolina,Ijp523
Renault,Sandero,expression,2018,14.000 km,4,Gasolina,DZW-119
Renault,Sandero,dynamique,2015,50.635 km,4,Gasolina,hjt394
Renault,Sandero,sandero expression,2018,14.807 km,4,Gasolina,DQL594
Renault,Sandero,AUTHENTIQUE MT 1600CC 8V AA,2013,72.080 km,4,Gasolina,***-**3
Renault,Sandero,DYNAMIQUE ATUMATIQ 1.6 FE,2012,90.000 km,4,Gasolina,MCT-548
Renault,Sandero,DYNAMIQUE MT 1.6 media nav,2016,50.000 km,4,Gasolina,ifr469
Renault,Sandero,Expression,2011,97.000 km,4,Gasolina,RDV-552
Renault,Sandero,Expression,2011,97.000 km,4,Gasolina,RDV-552
Renault,Sandero,DYNAMIQUE AT 1600CC 16V,2017,20.000 km,4,Gasolina,JFO378
Renault,Sandero,STEPWAY 1.6,2014,51.000 km,4,Gasolina,HSU501
Renault,Sandero,AUTOMATIC,2016,34.254 km,4,Gasolina,IWS800
Renault,Sandero,DYNAMIQUE MT 1600CC 8V AA,2016,46.700 km,4,Gasolina,IFU240
Renault,Sandero,EXPRESSION MT 1600 AA,2018,1.376 km,4,Gasolina,EIW857
Renault,Sandero,DYNAMIQUE MT 1600CC 8V FE,2011,101.000 km,4,Gasolina,RCO374
Renault,Sandero,Xpression,2012,68.900 km,4,Gasolina,Rmw517
Renault,Sandero,1600CC MT AA,2010,101.000 km,4,Gasolina,***-**9
Renault,Sandero,Dynamique Mt 1.6 Fe AA 16v,2017,15.433 km,4,Gasolina,Jdr388
Renault,Sandero,Automatico - Caja Triptonica,2015,78.000 km,4,Gasolina,HVW-718
Renault,Sandero,GT LINE MT 1600CC 16V FE,2015,59.000 km,4,Gasolina,HGS920
Renault,Sandero,DYNAMIQUE,2015,65.500 km,4,Gasolina,UCO-002
Renault,Sandero,Life,2018,12.700 km,4,Gasolina,DWQ571
Renault,Sandero,GT LINE MT 1600CC 16V,2012,91.150 km,4,Gasolina,RMK996|
Renault,Sandero,DYNAMIQUE MT 1600CC 8V AA,2017,18.400 km,4,Gasolina,Jcw792
Renault,Sandero,nan,2014,80.000 km,4,Gasolina,Hjp545
Renault,Sandero,EXPRESSION MT 1600CC 8V AA,2015,61.000 km,4,Gasolina,ZYL-864
Renault,Sandero,EXPRESSION MT 1600CC 8V AA,2015,61.000 km,4,Gasolina,ZYL-864
Renault,Sandero,Authentique 1600 MT SA,2016,47.000 km,4,Gasolina,UUQ575
Renault,Sandero,Expression 1.6 Mt  Aa,2016,28.200 km,4,Gasolina,URR283
Renault,Sandero,AUTHENTIQUE A.A,2017,56.000 km,4,Gasolina,IYM765
Renault,Sandero,Expression MT 1600CC AA,2017,42.500 km,4,Gasolina,JDU-495
Renault,Sandero,AUTHENTIQUE MT 1600CC 8V SA,2013,81.850 km,4,Gasolina,NBS872
Renault,Sandero,Mt 1600,2017,32.200 km,4,Gasolina,JDW 836
Renault,Sandero,New sandero expression,2016,32.500 km,4,Gasolina,Iwk248
Renault,Sandero,New Autenthic AA 8V,2016,27.000 km,4,Gasolina,IPQ428
Renault,Sandero,Expression,2014,66.000 km,4,Gasolina,Hcw 937
Renault,Sandero,Autenthique 1.6,2017,8.000 km,4,Gasolina,JEY-309
Renault,Sandero,Authentic,2014,98.000 km,4,Gasolina,HCZ861
Renault,Sandero,Expression,2010,91.000 km,4,Gasolina,KAL348
Renault,Sandero,Dynamique,2017,17.000 km,4,Gasolina,JEM271
Renault,Sandero,GT MT 1600CC 8V FE,2009,89.500 km,4,Gasolina,***-**4
Renault,Sandero,Expression,2016,55.000 km,4,Gasolina,UTP 581
Renault,Sandero,Dynamique,2014,75.450 km,4,Gasolina,HJQ-181
Renault,Sandero,1.6 AUTENTIQUE 5P 4X2,2015,32.000 km,4,Gasolina,IEL223
Renault,Sandero,Dynamique,2012,86.114 km,4,Gasolina,RHZ-139
Renault,Sandero,Dynamique,2016,19.000 km,4,Gasolina,IFN241
Renault,Sandero,EXPRESSION MT 1600CC 8V AA,2012,93.000 km,4,Gasolina,Cuz904
Renault,Sandero,GT LINE,2014,67.000 km,4,Gasolina,nan
Renault,Sandero,1.6 Mt,2009,67.341 km,4,Gasolina,DCH436
Renault,Sandero,DYNAMIQUE MT 1600CC 8V FE,2016,42.000 km,4,Gasolina,HYX-050
Renault,Sandero,DYNAMIQUE MT 1600CC 8V AA,2014,40.000 km,4,Gasolina,HTR085
Renault,Sandero,AUTOMATIQ 1598,2013,38.500 km,4,Gasolina,NEK 419
Renault,Sandero,EXPRESSION,2012,94.000 km,4,Gasolina,MCN147
Renault,Sandero,EXPRESSION MT 1600CC 8V AA,2015,70.000 km,4,Gasolina,HTU 958
Renault,Sandero,Hatchback,2016,44.000 km,4,Gasolina,Dml630
Renault,Sandero,A. A D. H,2012,102.000 km,4,Gasolina,Kkc944
Renault,Sandero,nan,2017,39.951 km,4,Gasolina,IUW-206
Renault,Sandero,DYNAMIQUE AT 1600CC 16V AA,2016,27.500 km,4,Gasolina,***_**1
Renault,Sandero,Sandero,2016,32.500 km,4,Gasolina,5
Renault,Sandero,Authentique,2017,52.000 km,4,Gasolina,JDW597
Renault,Sandero,DYNAMIQUE MT 1600CC 8V AA,2009,134.000 km,4,Gasolina,DBP248
Renault,Sandero,Authentique MT 1600CC AA,2015,53.000 km,4,Gasolina,URS 036
Renault,Sandero,Otras Versiones,2013,53.200 km,4,Gasolina,MKK204
Renault,Sandero,HB MT 1600 AA AB,2012,93.000 km,4,Gasolina,RNP688
Renault,Sandero,GT LINE,2012,70.000 km,4,Gasolina,RLW771
Renault,Sandero,AT 1600CC AA,2013,63.800 km,4,Gasolina,HAR 583
Renault,Sandero,Sandero gt line,2012,71.000 km,4,Gasolina,RLZ036
Renault,Sandero,Dynamique 1.6 8v,2011,107.600 km,4,Gasolina,RGT722
Renault,Sandero,EXPRESSION,2015,32.600 km,4,Gasolina,UCT530
Renault,Sandero,Autentique,2014,43.500 km,4,Gasolina,HTT115
Renault,Sandero,nan,2018,20.000 km,4,Gasolina,***-**2
Renault,Sandero,GT line 1.6,2012,42.111 km,4,Gasolina,MCY151
Renault,Sandero,Dynamique,2016,34.000 km,4,Gasolina,*****5
Renault,Sandero,Expression,2012,51.400 km,4,Gasolina,RMN957
Renault,Sandero,GT LINE MT 1600CC 16V,2011,77.000 km,4,Gasolina,RFY 334
Renault,Sandero,GT LINE MT 1600CC 16V,2013,70.300 km,4,Gasolina,NCY402
Renault,Sandero,Trip Advisor 1.6 Mt Aa,2018,17.500 km,4,Gasolina,DWQ550
Renault,Sandero,AUTOMATICO,2016,31.000 km,4,Gasolina,URV093
Renault,Sandero,HATCH BACK,2017,18.000 km,4,Gasolina,*****7
Renault,Sandero,EXPRESSION MT 1600CC 8V AA,2015,61.000 km,4,Gasolina,ZYL-864
Renault,Sandero,nan,2015,53.049 km,4,Gasolina,ZZX-206
Renault,Sandero,Dinamique,2016,57.000 km,4,Gasolina,UUR 688
Renault,Sandero,GT FV 8V,2011,107.850 km,4,Gasolina,2
Renault,Sandero,DYNAMIQUE MT 1600CC 8V FE,2015,37.500 km,4,Gasolina,URT-988
Renault,Sandero,DINAMIQUE TWEED MT 1600CC AA,2015,52.000 km,4,Gasolina,ZYY 456
Renault,Sandero,GT Line 1.6 16 valvulas,2013,45.266 km,4,Gasolina,NCQ302
Renault,Sandero,EXPRESSION MT 1600CC 8V AA,2016,18.600 km,4,Gasolina,IVZ214
Renault,Sandero,EXPRESSION MT 1600CC AA,2010,79.640 km,4,Gasolina,DCW 128
Renault,Sandero,Autentique,2014,47.000 km,4,Gasolina,*****1
Renault,Sandero,Expression,2017,34.000 km,4,Gasolina,Dgt849
Renault,Sandero,Sandero gt line 16 Valvulas,2011,81.000 km,4,Gasolina,RHM681
Renault,Sandero,DYNAMIQUE MT 1600CC 8V AA,2011,119.091 km,4,Gasolina,RHV 462
Renault,Sandero,MT,2013,65.000 km,4,Gasolina,Mjx021
Renault,Sandero,GT LINE MT 1600CC 16V,2015,73.000 km,4,Gasolina,zyw694
Renault,Sandero,Dinamic,2014,52.000 km,4,Gasolina,HTV-194
Renault,Sandero,nan,2010,85.000 km,4,Gasolina,RAR740
Renault,Sandero,Life 1598cc,2019,21.000 km,4,Gasolina,ELQ-262
Renault,Sandero,1600 dynamique,2019,4.788 km,4,Gasolina,Fos 941
Renault,Sandero,New Sandero AT 1600cc 16V,2017,24.538 km,4,Gasolina,DNK077
Renault,Sandero,Life,2018,24.000 km,4,Gasolina,*****0
Renault,Sandero,EXPRESSION MT 1600CC 8V AA,2011,117.260 km,4,Gasolina,Rhv717
Renault,Sandero,AUTHENTIQUE MT 1600CC 8V SA,2014,83.000 km,4,Gasolina,HCP645
Renault,Sandero,DYNAMIQUE MT 1600CC 8V AA,2013,60.000 km,4,Gasolina,*****4
Renault,Sandero,EXPRESSION MT 1600CC 8V AA,2015,72.000 km,4,Gasolina,ZZK-469
Renault,Sandero,Authenthique A.A,2018,33.000 km,4,Gasolina,JJK096
Renault,Sandero,Dynamique Mt 1600CC AA AB ABS,2011,23.807 km,4,Gasolina,KGV-957
Renault,Sandero,AUTHENTIQUE,2016,27.000 km,4,Gasolina,***-**6
Renault,Sandero,DINAMIQUE FULL 1600,2012,78.100 km,4,Gasolina,RNP-268
Renault,Sandero,GT LINE MT 1600CC 16V FE,2011,70.000 km,4,Gasolina,*****7
Renault,Sandero,Dynamique Automatico 1.6 Hb,2012,71.000 km,4,Gasolina,RLZ785
Renault,Sandero,Exclusive,2018,8.000 km,4,Gasolina,***-**9
Renault,Sandero,AUTHNTIQUE MT 1600CC,2012,130.000 km,4,Gasolina,******8
Renault,Sandero,Authentique MT 1600CC AA,2014,48.950 km,4,Gasolina,HBM-696
Renault,Sandero,EXPRESSION MT 1600CC 8V AA,2011,64.000 km,4,Gasolina,2
Renault,Sandero,expression day & night,2018,25.400 km,4,Gasolina,*****8
Renault,Sandero,DYNAMIQUE MT 1600CC 8V AA,2011,96.000 km,4,Gasolina,RHQ919
Renault,Sandero,Sedan,2014,84.000 km,4,Gasolina,HCV 860
Renault,Sandero,RS MT 2.0L,2017,5.000 km,4,Gasolina,Dyz500
Renault,Sandero,GT LINE MT 1600CC 16V FE,2010,126.000 km,4,Gasolina,RAS480
Renault,Sandero,EXPRESSION MT 1600CC 8V AA,2015,39.000 km,4,Gasolina,ZIY427
Renault,Sandero,GT LINE MT 1600CC 16V FE,2011,90.200 km,4,Gasolina,RHT-110
Renault,Sandero,Expression,2009,128.000 km,4,Gasolina,Dcc520
Renault,Sandero,Dinámic automático,2016,30.000 km,4,Gasolina,Iws247
Renault,Sandero,Dynamique,2017,8.500 km,4,Gasolina,JET625
Renault,Sandero,DYNAMIQUE AT 1600CC 16V,2015,33.700 km,4,Gasolina,UTQ969
Renault,Sandero,GT LINE MT 1600CC 16V FE,2012,80.000 km,4,Gasolina,RIX-169
Renault,Sandero,DYNAMIQUE MT 1600CC 8V FE,2016,24.000 km,4,Gasolina,IMW-084
Renault,Sandero,Dynamique Mt 1600CC AA AB ABS,2012,86.000 km,4,Gasolina,***-**4
Renault,Sandero,autentyque,2015,31.800 km,4,Gasolina,UCQ707
Renault,Sandero,GT LINE MT 1600CC 16V,2011,79.500 km,4,Gasolina,LCI833
Renault,Sandero,DYNAMIQUE MT 1600CC 8V AA,2010,82.000 km,4,Gasolina,*****0
Renault,Sandero,Otras Versiones,2019,3.600 km,4,Gasolina,Fop567
Renault,Sandero,DYNAMIQUE MT 1600CC 8V AA,2013,84.000 km,4,Gasolina,***-**0
Renault,Sandero,DYNAMIQUE AT 1600CC 16V AA,2014,64.000 km,4,Gasolina,*****1
Renault,Sandero,GT LINE MT 1600CC 16V,2011,87.560 km,4,Gasolina,KJO 331
Renault,Sandero,AUTENTIQUE,2015,49.200 km,4,Gasolina,ZZM603
Renault,Sandero,EXPRESSION 1600CC MT  AA,2017,28.000 km,4,Gasolina,IXV-039
Renault,Sandero,AUTHENTIQUE MT 1600CC 8V AA,2019,1.935 km,4,Gasolina,EMP-457
Renault,Sandero,Aut0matico,2016,45.000 km,4,Gasolina,Dgt504
Renault,Sandero,Nuevo Sandero,2016,22.300 km,4,Gasolina,IVS919
Renault,Sandero,AUTHENTIQUE MT 1600CC 8V AA,2014,55.000 km,4,Gasolina,HCL930
Renault,Sandero,Se,2015,80.500 km,4,Gasolina,UCY687
Renault,Sandero,AUTOMATIQ AT 1600cc AA,2017,15.000 km,4,Gasolina,IUW868
Renault,Sandero,DYNAMIQUE AT 1600CC 16V AA,2011,110.000 km,4,Gasolina,RHS775
Renault,Sandero,DYNAMIQUE MT 1600CC 8V FE,2010,26.700 km,4,Gasolina,*****6
Renault,Sandero,AUTHENTIQUE MT 1600CC 8V AA,2018,19.000 km,4,Gasolina,***-**5
Renault,Sandero,EXPRESSION MT 1600CC 8V AA,2017,20.000 km,4,Gasolina,JDM005
Renault,Sandero,nan,2010,89.000 km,4,Gasolina,KAL-078
Renault,Sandero,GT,2009,130.000 km,4,Gasolina,DCK-793
Renault,Sandero,EXPRESSION MT 1600CC 8V AA,2010,97.000 km,4,Gasolina,RAS-082
Renault,Sandero,EXPRESSION MT 1600CC 8V AA,2015,46.313 km,4,Gasolina,IDW 269
Renault,Sandero,Life,2019,13.200 km,4,Gasolina,FNS-106
Renault,Sandero,TRIP ADVISOR 1600,2018,18.000 km,4,Gasolina,ELY213
Renault,Sandero,Expression Mt 1600Cc Aa,2018,7.000 km,4,Gasolina,***-**7
Renault,Sandero,AUTHENTIQUE MT 1600CC 8V SA,2017,12.000 km,4,Gasolina,Iwn680
Renault,Sandero,EXPRESSION MT 1600CC 8V AA,2012,57.500 km,4,Gasolina,*****2
Renault,Sandero,Dinamic AA 1.6 5P,2009,82.000 km,4,Gasolina,NVU-827
Renault,Sandero,AUTHENTIQUE MT 1600CC 8V AA,2016,30.500 km,4,Gasolina,IWU247
Renault,Sandero,EXPRESSION MT 1600CC 8V AA,2016,45.600 km,4,Gasolina,INT311
Renault,Sandero,TRIP ADVISOR 1600,2018,7.050 km,4,Gasolina,EBV-160
Renault,Sandero,EXPRESSION MT 1600CC 8V AA,2010,80.000 km,4,Gasolina,RZM 750
Renault,Sandero,GT LINE MT 1600CC 16V,2010,82.000 km,4,Gasolina,DCP-304
Renault,Sandero,Authentique,2013,63.000 km,4,Gasolina,Nen618
Renault,Sandero,AUTHENTIQUE MT 1600CC 8V AA,2013,60.480 km,4,Gasolina,HAX-919
Renault,Sandero,nan,2018,23.000 km,4,Gasolina,DNR-574
Renault,Sandero,EXPRESSION MT 1600CC 8V AA,2017,12.900 km,4,Gasolina,JFL-149
Renault,Sandero,RS MT 2000CC,2017,13.000 km,4,Gasolina,HYT931
Renault,Sandero,full equipo,2019,100 km,4,Gasolina,fzt751
Renault,Sandero,Expression AA 1.6 5P,2014,75.000 km,4,Gasolina,HHQ-776
Renault,Sandero,Dynamique,2012,54.000 km,4,Gasolina,MAY-752
Renault,Sandero,GT LINE MT 1600CC 16V,2011,105.000 km,4,Gasolina,MQN-957
Renault,Sandero,AUTHENTIQUE MT 1600CC 8V AA,2018,21.617 km,4,Gasolina,DNR-561
Renault,Sandero,Sandero,2011,113.000 km,4,Gasolina,KIV647
Renault,Sandero,GT LINE MT 1600CC 16V FE,2010,115.000 km,4,Gasolina,DCU-799
Renault,Sandero,Aut. Dynamique,2015,35.000 km,4,Gasolina,UCL-897
Renault,Sandero,AUTHENTIQUE MT 1600CC 8V SA,2016,35.000 km,4,Gasolina,XXX001
Renault,Sandero,Authentique Financio,2016,15.509 km,4,Gasolina,IUY904
Renault,Sandero,Sandero Polar,2020,0 km,4,Gasolina,000000
Renault,Sandero,Life,2020,0 km,4,Gasolina,000000
Renault,Sandero,NEW SANDERO RS 2.0 MEC,2018,10.485 km,4,Gasolina,EPR772
Renault,Sandero,LIFE A.A 1600C,2018,30.000 km,4,Gasolina,EDW768
Renault,Sandero,NEW SANDERO 1.6 AUT,2017,28.410 km,4,Gasolina,INQ623
Renault,Sandero,EXPRESSION MT 1600CC 8V AA,2012,88.000 km,4,Gasolina,MBV901
Renault,Sandero,authentique,2017,19.000 km,4,Gasolina,JEY132
Renault,Sandero,AUTHENTIQUE MT 1600CC 8V AA,2016,36.100 km,4,Gasolina,INN287
Renault,Sandero,GT Line MT 1600CC,2012,60.000 km,4,Gasolina,Rjy516
Renault,Sandero,Sandero Automatico,2014,61.937 km,4,Gasolina,KLM550
Renault,Sandero,rs mecanico,2018,7.412 km,4,Gasolina,epr780
Renault,Sandero,RENAULT SANDERO DYNAMIQUE 1600CC MT AA AB,2017,23.000 km,4,Gasolina,XXXX1
Renault,Sandero,SANDERO 1.6 AUT,2015,74.530 km,4,Gasolina,KAT315
Renault,Sandero,RENA,2015,63.448 km,4,Gasolina,HQW201
Renault,Sandero,DYNAMIQUE AT 1600CC 16V AA,2012,54.000 km,4,Gasolina,DFL164
Renault,Sandero,GT LINE,2012,66.000 km,4,Gasolina,8
Renault,Sandero,DYNAMIQUE AT 1600CC 16V,2017,30.940 km,4,Gasolina,IUW630
Renault,Sandero,DYNAMIQUE 1600,2012,71.000 km,4,Gasolina,RJY503
Renault,Sandero,RENAULT,2012,10.800 km,4,Gasolina,CRL575
Renault,Sandero,DYNAMIQUE AT 1600CC 16V AA,2017,31.000 km,4,Gasolina,IHL945
Renault,Sandero,Expression,2018,14.080 km,4,Gasolina,EDX699
Renault,Sandero,Expression,2011,102.919 km,4,Gasolina,Placa par
Renault,Sandero,GT LINE,2013,66.000 km,4,Gasolina,NBT630
Renault,Sandero,SANDERO AUT 1.600,2016,25.000 km,4,Gasolina,ISQ346
Renault,Sandero,At,2017,28.507 km,4,Gasolina,DRO650
Renault,Sandero,DYNAMIQUE AUTOMATICO 1.6,2013,134.100 km,4,Gasolina,***527
Renault,Sandero,Dynamique,2015,52.148 km,4,Gasolina,UCZ909
Renault,Sandero,AUTHENTIQUE MT 1600CC 8V AA,2012,56.000 km,4,Gasolina,ROK974
Renault,Sandero,RENAULT,2016,35.000 km,4,Gasolina,DJY477
Renault,Sandero,RS,2017,25.400 km,4,Gasolina,JBS013
Renault,Sandero,"RENAULT SANDERO DYNAMIQUE MT 1,6",2011,91.000 km,4,Gasolina,4
Renault,Sandero,DYNAMIQUE,2017,34.000 km,4,Gasolina,2
Renault,Sandero,AUTHENTIQUE,2016,43.300 km,4,Gasolina,IWN117
Renault,Sandero,EXPRESSION 1.6LT 8V MT,2016,39.030 km,4,Gasolina,JEP930
Renault,Sandero,Authentique 1.6 MT,2012,92.843 km,4,Gasolina,RJP843
Renault,Sandero,EXPRESSION 1.6Lt 8V MT,2016,25.465 km,4,Gasolina,IWR878
Renault,Sandero,nan,2016,39.000 km,4,nan,IFR499
Renault,Sandero,nan,2017,37.000 km,4,nan,jcw634
Renault,Sandero,expresion,2014,75.000 km,4,Gasolina,hnw902
Renault,Sandero,STEPWAY DYNAMIQUE 1.6Lt 16V,2016,39.150 km,4,Gasolina,HGS825
Renault,Sandero,RS,2017,22.254 km,4,Gasolina,JFQ795
Renault,Sandero,GT LINE 1.6Lt 16V MT,2016,37.200 km,4,Gasolina,UST021
Renault,Sandero,SANDERO EXPRESSION 1.6Lt 8V,2015,37.250 km,4,Gasolina,HGS353
Renault,Sandero,New Sandero Aut,2017,34.000 km,4,Gasolina,IUX108
Renault,Sandero,RS Sport,2017,22.994 km,4,Gasolina,DQL600
Renault,Sandero,Exclusive,2018,8.000 km,4,Gasolina,ejw799
Renault,Sandero,AUTHENTIQUE CA,2018,27.000 km,4,Gasolina,DNL232
Renault,Sandero,Expression,2012,82.511 km,4,Gasolina,3
Renault,Sandero,Intens,2020,0 km,4,Gasolina,nan
Renault,Sandero,DINAMIQUE FULL/ financio,2011,110.000 km,4,Gasolina,kgd090
Renault,Sandero,Tweed,2015,48.000 km,4,Gasolina,ZYQ182
Renault,Sandero,LIFE,2020,0 km,4,Gasolina,OOO000
Renault,Sandero,RENAULT SANDERO LIFE,2019,0 km,4,Gasolina,AAA000
Renault,Sandero,"Expression, AA, 1.6, MT",2013,89.700 km,4,Gasolina,MKK 176
Renault,Sandero,POLAR,2020,0 km,4,Gasolina,xxxooo
Renault,Sandero,SANDERO EXPRESSION 1.6,2015,48.340 km,4,Gasolina,ZZS995
Renault,Sandero,EXCLUSIVE,2018,11 km,4,Gasolina,FUN734
Renault,Sandero,DYNAMIQUE AT 1600CC 16V AA,2013,94.000 km,4,Gasolina,MPO307
Renault,Sandero,AUTENTIQUE AA,2016,52.000 km,4,Gasolina,IVW623
Renault,Sandero,RENAULT NUEVO SANDERO EXPRESSION,2018,30.600 km,4,Gasolina,EHO428
Renault,Sandero,Dynamique,2014,50.469 km,4,Gasolina,HKW469
Renault,Sandero,DYNAMIQUE,2010,67.000 km,4,Gasolina,DED341
Renault,Sandero,nan,2014,49.500 km,4,nan,his788
Renault,Sandero,SANDERO EXPRESSION,2017,18.900 km,4,Gasolina,JEP345
Renault,Sandero,LOGAN LIFE,2018,59.200 km,4,Gasolina,IVV475
Renault,Sandero,gt,2012,58.000 km,4,Gasolina,MBN024
Renault,Sandero,GT LINE MT 1600CC 16V FE,2015,65.700 km,4,Gasolina,IDZ775
Renault,Sandero,EXPRESSION MT 1600CC 8V AA,2016,40.588 km,4,Gasolina,IJS701
Renault,Sandero,sandero  dinamiq GT,2011,87.000 km,4,Gasolina,rdo606
Renault,Sandero,sandero  expression,2009,135.200 km,4,Gasolina,DCF129
Renault,Sandero,Renault sandero aut,2012,49.900 km,4,Gasolina,rol312
Renault,Sandero,GT LINE MT 1600CC 16V FE,2014,63.000 km,4,Gasolina,HJP989
Renault,Sandero,Life,2020,0 km,4,Gasolina,000
Renault,Sandero,nan,2016,68.899 km,4,Gasolina,IJL962
Renault,Sandero,Expression,2011,69.295 km,4,Gasolina,RHS634
Renault,Sandero,EXPRESSION MT 1600CC 8V AA,2012,89.000 km,4,Gasolina,RIN252
Renault,Sandero,nan,2016,39.056 km,4,Gasolina,IKV888
Renault,Sandero,dinamique,2017,42.000 km,4,Gasolina,IUV933
Renault,Sandero,Dynamique,2017,30.980 km,4,Gasolina,JFP901
Renault,Sandero,RS,2017,12.577 km,4,Gasolina,EHK207
Renault,Sandero,nan,2013,38.000 km,4,nan,impar
Renault,Sandero,RS Sport,2017,23.000 km,4,Gasolina,edx435
Renault,Sandero,DYNAMIQUE AT 1600CC 16V,2014,67.000 km,4,Gasolina,HPS147
Renault,Sandero,nan,2018,44.000 km,4,Gasolina,efm917
Renault,Sandero,GT LINE,2011,65.000 km,4,Gasolina,RHT668
Renault,Sandero,Sandero,2017,27.500 km,4,Gasolina,JDU531
Renault,Sandero,AUTENTIQUE,2012,40.000 km,4,Gasolina,MAU518
Renault,Sandero,EXPRESSION MT 1600CC 8V AA,2013,59.000 km,4,Gasolina,MPO-457
Renault,Sandero,AUTHENTIQUE AA,2016,44.000 km,4,Gasolina,IKU456
Renault,Sandero,DYNAMIQUE AT 1600CC 16V AA,2018,17.000 km,4,Gasolina,DZT625
Renault,Sandero,AUTHENTIQUE,2009,108.000 km,4,Gasolina,6
Renault,Sandero,AUTHENTIQUE,2016,44.000 km,4,Gasolina,IKU456
Renault,Sandero,Life,2020,0 km,4,Gasolina,nan
Renault,Sandero,Authentique,2015,78.500 km,4,Gasolina,urv038
Renault,Sandero,Sandero GT Line Automatiq,2012,96.500 km,4,Gasolina,GRG-278
Renault,Sandero,nan,2019,16.000 km,4,Gasolina,xxxxx4
Renault,Sandero,Authentique,2013,81.000 km,4,Gasolina,HAW104
Renault,Sandero,GT LINE,2014,82.000 km,4,Gasolina,HIS232
Renault,Sandero,AUTOMATIC,2014,39.500 km,4,Gasolina,HHY357
Renault,Sandero,GTLine,2015,37.000 km,4,Gasolina,xxxx4
Renault,Sandero,Expression,2016,43.000 km,4,Gasolina,UTN810
Renault,Sandero,gt line,2016,47.800 km,4,Gasolina,utl903
Renault,Sandero,Autentique,2015,45.500 km,4,Gasolina,Par
Renault,Sandero,RENAULT SANDERO AA,2012,88.000 km,4,Gasolina,MCZ533
Renault,Sandero,SANDERO,2009,105.000 km,4,Gasolina,XXX583
Renault,Sandero,nan,2010,103.000 km,4,nan,Ddn158
Renault,Sandero,Sandero expression,2015,57.000 km,4,Gasolina,UCX 213
Renault,Sandero,Renault Sandero,2012,70.000 km,4,Gasolina,2
Renault,Sandero,Dynamique,2014,71.300 km,4,Gasolina y gas,CUZ 479
Renault,Sandero,TRIP ADVISOR,2018,13.800 km,4,Gasolina,DXK138
Renault,Sandero,Expression Full Equipo 1.6,2012,116.700 km,4,Gasolina,ABC129
Renault,Sandero,dinamic 1.6 2011,2011,70.000 km,4,Gasolina,2/bogota
Renault,Sandero,Expresision 2013 AA,2013,80.300 km,4,Gasolina,NCQ676
Renault,Sandero,SANDERO AUTENTIQUE,2012,132.000 km,4,Gasolina,MCL884
Renault,Sandero,Sandero dinamic,2015,21.200 km,4,Gasolina,515
Renault,Sandero,expression,2014,87.490 km,4,Gasolina,HJM488
Renault,Sandero,Sandero GT Line,2010,94.000 km,4,Gasolina,DDH-014
Renault,Sandero,mas Full Dynamic,2013,70.000 km,4,Gasolina,NDT908
Renault,Sandero,Expression,2015,54.017 km,4,Gasolina,xxxxx3
Renault,Sandero,Expression Night & D,2017,2.400 km,4,Gasolina,DNM 374
Renault,Sandero,gt line,2016,36.000 km,4,Gasolina,iiz197
Renault,Sandero,expresión 1.6,2012,79.000 km,4,Gasolina,impar terminada en 1
Renault,Sandero,DYNAMIQUE,2013,70.876 km,4,Gasolina,MKW677
Renault,Sandero,2015,2015,103.000 km,4,Gasolina,Bgx513
Renault,Sandero,Sandero Dynamique,2015,53.313 km,4,Gasolina,MUS928
Renault,Sandero,Authentique,2014,46.700 km,4,Gasolina,Par
Renault,Sandero,Sandero,2017,18.000 km,4,Gasolina,Jek80*
Renault,Sandero,Renault Sandero life,2019,5.900 km,4,Gasolina,FNS 551
Renault,Sandero,Sandero expresión,2009,105.000 km,4,Gasolina,Dbq548
Renault,Sandero,Sandero,2017,18.000 km,4,Gasolina,Jek80*
Renault,Sandero,Sandero GT,2009,135.000 km,4,Gasolina,2
Renault,Sandero,automatiq,2014,62 km,4,Gasolina,698
Renault,Sandero,sandero automatique,2012,78.213 km,4,Gasolina,MBW009
Renault,Sandero,Expression MediaNav,2015,32.900 km,4,Gasolina,IAX346
Renault,Sandero,GT LINE,2012,25.000 km,4,Gasolina,Rlu689
Renault,Sandero,auténtique MT 1.6,2017,28.000 km,4,Gasolina y gas,5
Renault,Sandero,Autentique,2011,106.000 km,4,Gasolina,CWY002
Renault,Sandero,GT LINE FUL EQUIPO,2015,42.000 km,4,Gasolina,Particular
Renault,Sandero,Authentique 1600cc,2015,42.000 km,4,Gasolina,Impar
Renault,Sandero,Authentique,2018,18.500 km,4,Gasolina,******2
Renault,Sandero,Authentique,2015,55.000 km,4,Gasolina,hvq415
Renault,Sandero,GT Full Equipo,2011,95.000 km,4,Gasolina,Placa Par 6
Renault,Sandero,Dynamique AT,2017,15.200 km,4,Gasolina,JEV271
Renault,Sandero,GT,2010,99.500 km,4,Gasolina,3
Renault,Sandero,Expresion,2010,85.000 km,4,Gasolina,OOO777
Renault,Sandero,"Dinamyc, Automático",2012,84.000 km,4,Gasolina,MAY960
Renault,Sandero,autentique,2016,42.000 km,4,Gasolina,iku553
Renault,Sandero,Authentic,2014,60.000 km,4,Gasolina,HSW 491
Renault,Sandero,Hachback,2013,63.850 km,4,Gasolina y gas,HAR583
Renault,Sandero,RENAUL SANDERO EXPRESSION,2011,80.000 km,4,Gasolina,XXX152
Renault,Sandero,SANDERO EXPRESSION 2015,2015,59.000 km,4,Gasolina,IAT328
Renault,Sandero,EXPRESSION,2012,170.400 km,4,Gasolina,9
Renault,Sandero,autentique,2013,45.000 km,4,Gasolina,5
Renault,Sandero,Dinamique,2015,34.000 km,4,Gasolina,Htp 917
Renault,Sandero,Sandero Dinamique 1600,2012,44.700 km,4,Gasolina,2
Renault,Sandero,Sandero gt,2010,122.000 km,4,Gasolina,Ddi 820
Renault,Sandero,sandero expression,2011,80.000 km,4,Gasolina,rbw572
Renault,Sandero,expression,2012,74.000 km,4,Gasolina,RLZ616
Renault,Sandero,sandero 1.6,2016,80.000 km,4,Gasolina,imu297
Renault,Sandero,basica,1995,100.000 km,4,Gasolina y gas,bup590
Renault,Sandero,autentic,2015,33.500 km,4,Gasolina,IEL223
Renault,Sandero,GT LINE FUL EQUIPO,2015,42.000 km,4,Gasolina,PARTICULAR
Renault,Sandero,Expresion,2012,59.000 km,4,Gasolina,Mjv966
Renault,Sandero,Dinamique automatico,2015,34.000 km,4,Gasolina,917
Renault,Sandero,GT Line,2013,57.000 km,4,Gasolina,DGP247
Renault,Sandero,Authentic,2017,85.000 km,4,Gasolina,IWV136
Renault,Sandero,Sandero RS,2017,7.100 km,4,Gasolina,Par
Renault,Sandero,Expression,2013,80.000 km,4,Gasolina,4
Renault,Sandero,Expresión sl 45,2015,33.500 km,4,Gasolina,Urr042
Renault,Sandero,aunthentic,2014,82.000 km,4,Gasolina,hcw903
Renault,Sandero,EXCLUSIVE,2018,10.335 km,4,Gasolina,PAR (6)
Renault,Sandero,Autentique 2012,2012,84.000 km,4,Gasolina,Pares
Renault,Sandero,autenthique,2010,123.000 km,4,Gasolina,QIC567
Renault,Sandero,Authentique,2013,44.500 km,4,Gasolina,HBR108
Renault,Sandero,DYNAMIC,2016,19.600 km,4,Gasolina,8
Renault,Sandero,Gt line,2012,86.000 km,4,Gasolina,KHZ479
Renault,Sandero,SANDERO GT LINE,2015,39.000 km,4,Gasolina,UCN297
Renault,Sandero,2019,2019,4.500 km,4,Gasolina,Fol206
Renault,Sandero,2019,2019,6.500 km,4,Gasolina,EMS069
Renault,Sandero,Autentic,2018,20.000 km,4,Gasolina,DXK463
