Price,Brand,Model,Version,Year,Milleage,Doors,Fuel,Shield
21.400.000,Renault,Sandero,GT Line,2011,82.200 km,4,Gasolina,nan
44.319.300,Renault,Sandero,Life Evolucion,2020,1 km,5,Gasolina,000
39.500.000,Renault,Sandero,RS,2017,20.000 km,5,Gasolina,777
17.500.000,Renault,Sandero,Expression,2011,102.919 km,5,Gasolina,Placa par
31.900.000,Renault,Sandero,nan,2017,37.000 km,nan,nan,jcw634
24.500.000,Renault,Sandero,nan,2016,39.000 km,nan,nan,IFR499
35.890.000,Renault,Sandero,LIFE,2020,0 km,4,Gasolina,OOO000
25.000.000,Renault,Sandero,nan,2013,38.000 km,nan,nan,impar
29.500.000,Renault,Sandero,nan,2018,44.000 km,nan,Gasolina,efm917
30.500.000,Renault,Sandero,nan,2019,16.000 km,nan,Gasolina,xxxxx4
24.500.000,Renault,Sandero,Automatico,2014,43.800 km,5,Gasolina,HGV160
22.000.000,Renault,Sandero,Auténtique,2013,69.500 km,5,Gasolina,PAR
21.000.000,Renault,Sandero,nan,2012,67.000 km,nan,nan,MAW604
21.450.000,Renault,Sandero,Autentique,2015,41.000 km,5,Gasolina,Par
41.500.000,Renault,Sandero,Sandero RS,2017,7.100 km,5,Gasolina,Par
19.000.000,Renault,Sandero,Autentique 2012,2012,84.000 km,5,Gasolina,Pares
23.000.000,Renault,Sandero,Sandero 2015,2015,50.000 km,4,Gasolina,Impar
19.000.000,Renault,Sandero,Sandero gt,2010,122.000 km,5,Gasolina,Ddi 820
33.900.000,Renault,Sandero,SANDERO DYNAMIQUE 1600 CC AB AA,2017,42.000 km,4,Gasolina,XXX006
33.000.000,Renault,Sandero,Dynamique,2016,35.600 km,5,Gasolina,IVU 204
28.900.000,Renault,Sandero,SANDERO DYNAMIQUE GT LINE 1.6,2016,53.760 km,4,Gasolina,UTP254
23.500.000,Renault,Sandero,DYNAMIQUE AT 1600CC 16V AA,2012,61.000 km,5,Gasolina,RMO857
38.390.000,Renault,Sandero,Otras Versiones,2020,0 km,4,Gasolina,000
24.500.000,Renault,Sandero,SANDERO EXPRESSION,2016,75.000 km,5,Gasolina,FFFFF2
28.900.000,Renault,Sandero,Automatiq AT 1600CC AA,2016,20.000 km,5,Gasolina,USV-566
17.900.000,Renault,Sandero,DINAMIC,2009,90.000 km,5,Gasolina,COB099
28.300.000,Renault,Sandero,GT LINE MT 1600CC 16V,2016,45.000 km,5,Gasolina,UTL906
18.900.000,Renault,Sandero,RENAULT SANDERO,2012,87.000 km,4,Gasolina,FFFF0
30.000.000,Renault,Sandero,AUTOMATICO,2016,39.400 km,5,Gasolina,UCX 160
25.000.000,Renault,Sandero,SANDERO 1.6 AUTHENTIQUE,2017,63.000 km,5,Gasolina,DMV-091
23.000.000,Renault,Sandero,Dynamique Mt  1.6 Hb,2013,59.500 km,5,Gasolina,MJV374
20.000.000,Renault,Sandero,DYNAMIQUE 1.6 FULL EQUIPO,2011,72.000 km,5,Gasolina,Rdw
25.000.000,Renault,Sandero,GT LINE,2012,61.000 km,5,Gasolina,RIN551
28.800.000,Renault,Sandero,EXPRESSION,2017,22.800 km,5,Gasolina,JEM635
25.000.000,Renault,Sandero,Dynamique,2016,67.600 km,4,Gasolina,UUM-840
27.500.000,Renault,Sandero,Expression,2016,24.405 km,4,Gasolina,Par
37.900.000,Renault,Sandero,SANDERO RS SPORT 2.0,2017,28.000 km,5,Gasolina,DVU119
21.000.000,Renault,Sandero,Sandero Expression,2012,84.800 km,5,Gasolina,MFT169
25.500.000,Renault,Sandero,GT LINE,2014,80.600 km,5,Gasolina,DJV 689
34.000.000,Renault,Sandero,Expression,2018,24.000 km,5,Gasolina,***-**2
25.900.000,Renault,Sandero,Automatic AT 1600CC AA,2015,52.800 km,5,Gasolina,ZXX-328
25.000.000,Renault,Sandero,Authentique,2016,46.000 km,5,Gasolina,xxxxx0
23.300.000,Renault,Sandero,AUTENTIQUE AA MT,2016,42.200 km,5,Gasolina,IIZ582
25.500.000,Renault,Sandero,SANDERO AUTOMATIQ,2014,70.623 km,5,Gasolina,HCK454
25.400.000,Renault,Sandero,SANDERO,2017,27.221 km,5,Gasolina,JDU833
21.900.000,Renault,Sandero,1600,2013,90.570 km,5,Gasolina,NDY589
23.000.000,Renault,Sandero,Dynamique At 1600 CC  16v,2012,67.700 km,5,Gasolina,***-**5
29.000.000,Renault,Sandero,AA 1.6 5P,2016,24.000 km,5,Gasolina,IJO-843
18.300.000,Renault,Sandero,DINAMIC,2009,69.000 km,5,Gasolina,DCF137
29.800.000,Renault,Sandero,LIFE,2018,27.500 km,5,Gasolina,DYZ 100
22.000.000,Renault,Sandero,Hatch back,2014,72.422 km,5,Gasolina,HEY467
23.000.000,Renault,Sandero,dynamic,2013,94.479 km,5,Gasolina,*****6
32.000.000,Renault,Sandero,EXPRESION,2018,17.600 km,4,Gasolina,DTN-111
20.000.000,Renault,Sandero,Autentic 1600C,2014,45.000 km,5,Gasolina,HKR917
35.200.000,Renault,Sandero,Expression AA 1.6 5P,2018,11.000 km,4,Gasolina,DVY-802
25.200.000,Renault,Sandero,EXPRESSION MT 1600CC 8V AA,2015,61.000 km,nan,Gasolina,ZYL-864
25.200.000,Renault,Sandero,EXPRESSION MT 1600CC 8V AA,2015,61.000 km,nan,Gasolina,ZYL-864
39.990.000,Renault,Sandero,Sandero rs,2017,16.200 km,5,Gasolina,Eil 901
25.200.000,Renault,Sandero,EXPRESSION MT 1600CC 8V AA,2015,61.000 km,nan,Gasolina,ZYL-864
29.500.000,Renault,Sandero,EXPRESSION MT 1600CC 8V AA,2017,43.000 km,5,Gasolina,JGV035
23.500.000,Renault,Sandero,Hatch back,2013,59.000 km,4,Gasolina,HAT043
22.000.000,Renault,Sandero,EXPRESSION,2014,91.000 km,5,Gasolina,HJW998
33.000.000,Renault,Sandero,Dynamique At 1600CC AA AB ABS,2017,39.000 km,5,Gasolina,IUW-985
23.500.000,Renault,Sandero,AT 1600CC AA,2012,72.000 km,5,Gasolina,RLX-765
21.400.000,Renault,Sandero,GT Line,2011,82.200 km,4,Gasolina,nan
20.000.000,Renault,Sandero,GT MUSIQUE,2011,84.500 km,5,Gasolina,RBT667
29.900.000,Renault,Sandero,GT LINE,2015,45.418 km,5,Gasolina,ZYL126
43.500.000,Renault,Sandero,SANDERO INTENS MT 1. 6,2020,180 km,5,Gasolina,FZY261
44.319.300,Renault,Sandero,Life Evolucion,2020,1 km,5,Gasolina,000
21.000.000,Renault,Sandero,Dinamique MT 1600 FE,2012,85.000 km,5,Gasolina,RNL829
19.800.000,Renault,Sandero,GT EDICION ESPECIAL,2010,92.000 km,5,Gasolina,DDD146
39.900.000,Renault,Sandero,RS MT 2000CC,2017,19.900 km,nan,Gasolina,*****9
23.500.000,Renault,Sandero,DYNAMIQUE,2012,70.000 km,5,Gasolina,MCU037
23.500.000,Renault,Sandero,GT LINE,2012,67.000 km,5,Gasolina,KKU785
32.000.000,Renault,Sandero,EXPRESSION 1.6 AA,2018,22.250 km,5,Gasolina,DQK-712
30.800.000,Renault,Sandero,RENAULT SANDERO DYNAMIQUE,2017,22.500 km,5,Gasolina,IWT869
27.500.000,Renault,Sandero,AT 1600 AA AB ABS,2014,33.500 km,5,Gasolina,HIV726
18.500.000,Renault,Sandero,Expresion,2012,97.000 km,5,Gasolina,RHX 242
25.500.000,Renault,Sandero,EXPRESSION MT 1600CC AA,2015,49.500 km,5,Gasolina,UTQ 696
22.800.000,Renault,Sandero,Expression AA 1.6 5P,2013,30.000 km,5,Gasolina,MPX-354
25.200.000,Renault,Sandero,EXPRESSION MT 1600CC 8V AA,2015,61.000 km,nan,Gasolina,ZYL-864
20.500.000,Renault,Sandero,MT 1.6 full equipo,2012,68.450 km,5,Gasolina,RJV224
30.000.000,Renault,Sandero,Expression NIGHT DAY,2017,33.000 km,5,Gasolina,JEX 136
33.000.000,Renault,Sandero,Expresion,2017,22.000 km,nan,Gasolina,JFO378
40.800.000,Renault,Sandero,New Sandero Exclusive Sec,2019,16.102 km,5,Gasolina,ELZ2090
29.800.000,Renault,Sandero,New Sandero Expression,2018,12.373 km,5,Gasolina,EBT981
29.800.000,Renault,Sandero,GT Line,2015,57.000 km,5,Gasolina,ZYS648
25.700.000,Renault,Sandero,Automatic Dynamique  1600 cc,2015,45.000 km,5,Gasolina,UCW976
29.500.000,Renault,Sandero,SANDERO,2018,20.900 km,5,Gasolina,DQP739
32.000.000,Renault,Sandero,MT 1600CC AA,2019,6.012 km,5,Gasolina,EMS-069
32.500.000,Renault,Sandero,Expresion Exclusive,2018,14.400 km,5,Gasolina,DTP-713
27.500.000,Renault,Sandero,Autentiq,2016,41.000 km,5,Gasolina,Ivu527
26.990.000,Renault,Sandero,GT LINE,2015,47.000 km,5,Gasolina,HVQ-404
25.500.000,Renault,Sandero,Expression,2015,51.000 km,5,Gasolina,URR179
36.400.000,Renault,Sandero,DYNAMIQUE AUTOMATICO,2018,24.200 km,4,Gasolina,DVZ118
23.000.000,Renault,Sandero,Expression,2016,109.000 km,4,Gasolina,*****6
24.200.000,Renault,Sandero,Expression MT 1600CC AA,2015,80.000 km,5,Gasolina,ZZU-966
18.500.000,Renault,Sandero,Expression,2011,140.000 km,5,Gasolina,KBN811
19.000.000,Renault,Sandero,EXPRESSION MT 1600,2011,114.000 km,5,Gasolina,reb893
20.000.000,Renault,Sandero,Authentic,2012,86.000 km,5,Gasolina,Rjt012
36.900.000,Renault,Sandero,Rs Sport,2017,47.000 km,4,Gasolina,*****9
22.000.000,Renault,Sandero,DYNAMIQUE,2013,71.000 km,5,Gasolina,NDZ 930
36.500.000,Renault,Sandero,expression,2018,14.000 km,5,Gasolina,DZW-119
27.000.000,Renault,Sandero,dynamique,2015,50.635 km,4,Gasolina,hjt394
35.000.000,Renault,Sandero,sandero expression,2018,14.807 km,5,Gasolina,DQL594
22.500.000,Renault,Sandero,AUTHENTIQUE MT 1600CC 8V AA,2013,72.080 km,nan,Gasolina,***-**3
22.500.000,Renault,Sandero,DYNAMIQUE ATUMATIQ 1.6 FE,2012,90.000 km,5,Gasolina,MCT-548
26.000.000,Renault,Sandero,Mt 1600,2016,47.000 km,5,Gasolina,IML-813
24.500.000,Renault,Sandero,Expression 1.6MT,2015,46.500 km,5,Gasolina,ZYW663
22.000.000,Renault,Sandero,EXPRESSION,2014,91.000 km,5,Gasolina,HJW998
19.000.000,Renault,Sandero,Expression,2011,97.000 km,5,Gasolina,RDV-552
22.500.000,Renault,Sandero,STEPWAY MT 1600CC AA,2011,123.000 km,5,Gasolina,RGL 242
22.500.000,Renault,Sandero,Dynamique MT 1600,2012,92.000 km,5,Gasolina,RKR-685
33.900.000,Renault,Sandero,AUTOMATIC,2016,34.254 km,5,Gasolina,IWS800
34.500.000,Renault,Sandero,New Sandero Aut,2017,36.403 km,5,Gasolina,IUW937
26.500.000,Renault,Sandero,DYNAMIQUE MT 1600CC 8V AA,2016,46.700 km,nan,Gasolina,IFU240
26.500.000,Renault,Sandero,Expression,2016,33.000 km,5,Gasolina,***-**0
32.000.000,Renault,Sandero,EXPRESSION MT 1600 AA,2018,1.376 km,5,Gasolina,EIW857
22.700.000,Renault,Sandero,Authentique,2016,76.000 km,5,Gasolina,IWO089
18.000.000,Renault,Sandero,GT Line Mt 1600CC AA,2010,104.000 km,5,Gasolina,CPA-489
16.800.000,Renault,Sandero,1600CC MT AA,2010,101.000 km,4,Gasolina,***-**9
18.900.000,Renault,Sandero,DYNAMIQUE MT 1600CC 8V FE,2011,101.000 km,nan,Gasolina,RCO374
31.500.000,Renault,Sandero,Trip Advisor 1.6 Mt Aa,2018,11.900 km,5,Gasolina,JJM586
26.500.000,Renault,Sandero,EXPRESSION,2016,33.000 km,5,Gasolina,XXXXX0
27.000.000,Renault,Sandero,DYNAMIQUE,2015,65.500 km,5,Gasolina,UCO-002
39.000.000,Renault,Sandero,DYNAMIQUE MT 1600CC 8V AA,2017,18.400 km,nan,Gasolina,Jcw792
27.900.000,Renault,Sandero,nan,2014,80.000 km,nan,Gasolina,Hjp545
23.000.000,Renault,Sandero,Dynamique,2013,58.000 km,5,Gasolina,***-**2
22.500.000,Renault,Sandero,Automatiq,2012,75.000 km,5,Gasolina,ROK-920
39.500.000,Renault,Sandero,RS,2017,20.000 km,5,Gasolina,777
34.300.000,Renault,Sandero,sandero lift aa abs  airbag,2019,4.000 km,5,Gasolina,FOS491
23.000.000,Renault,Sandero,Authentic,2014,98.000 km,5,Gasolina,HCZ861
20.500.000,Renault,Sandero,GT MT 1600CC 8V FE,2009,89.500 km,nan,Gasolina,***-**4
19.000.000,Renault,Sandero,MT 1600,2012,95.000 km,5,Gasolina,MCZ-795
22.500.000,Renault,Sandero,Expression,2014,66.000 km,4,Gasolina,Hcw 937
23.500.000,Renault,Sandero,Dynamique,2014,75.450 km,5,Gasolina,HJQ-181
19.500.000,Renault,Sandero,AUTHENTIQUE,2013,122.500 km,5,Gasolina,MKK520
25.900.000,Renault,Sandero,Gt Line,2014,33.400 km,4,Gasolina,***-**0
20.500.000,Renault,Sandero,EXPRESSION MT 1600CC 8V AA,2012,93.000 km,nan,Gasolina,Cuz904
26.500.000,Renault,Sandero,GT LINE,2014,67.000 km,5,Gasolina,nan
19.000.000,Renault,Sandero,1.6 Mt,2009,67.341 km,5,Gasolina,DCH436
17.900.000,Renault,Sandero,Espresion,2009,65.000 km,5,Gasolina,Dbq275
30.000.000,Renault,Sandero,STEPWAY 1.6,2014,51.000 km,5,Gasolina,HSU501
22.000.000,Renault,Sandero,AUTHENTIQUE MT 1600CC 8V SA,2013,81.850 km,nan,Gasolina,NBS872
28.500.000,Renault,Sandero,Mt 1600,2017,32.200 km,5,Gasolina,JDW 836
33.800.000,Renault,Sandero,life +,2019,3.300 km,5,Gasolina,FQX670
18.500.000,Renault,Sandero,GTI,2010,79.200 km,5,Gasolina,Kam280
27.500.000,Renault,Sandero,Expression 1.6 Mt  Aa,2016,28.200 km,5,Gasolina,URR283
30.000.000,Renault,Sandero,DYNAMIQUE MT 1600CC 8V FE,2016,42.000 km,nan,Gasolina,HYX-050
23.900.000,Renault,Sandero,EXPRESSION MT 1600CC 8V AA,2015,70.000 km,nan,Gasolina,HTU 958
31.500.000,Renault,Sandero,DYNAMIQUE AT 1600CC 16V AA,2016,27.500 km,5,Gasolina,***_**1
20.500.000,Renault,Sandero,EXPRESSION,2012,94.000 km,5,Gasolina,MCN147
34.000.000,Renault,Sandero,nan,2017,39.951 km,nan,Gasolina,IUW-206
23.500.000,Renault,Sandero,DYNAMIQUE MT 1600CC 8V AA,2014,40.000 km,nan,Gasolina,HTR085
22.000.000,Renault,Sandero,GT Line Mt 1600CC AA,2012,80.000 km,5,Gasolina,RKO-856
26.000.000,Renault,Sandero,GT LINE 1.6 MT,2016,34.500 km,5,Gasolina,ZXX708
23.500.000,Renault,Sandero,Authentique 1600 MT SA,2016,47.000 km,5,Gasolina,UUQ575
25.900.000,Renault,Sandero,EXPRESSION,2015,32.600 km,5,Gasolina,UCT530
18.000.000,Renault,Sandero,DYNAMIQUE MT 1600CC 8V AA,2009,134.000 km,nan,Gasolina,DBP248
19.500.000,Renault,Sandero,HB MT 1600 AA AB,2012,93.000 km,5,Gasolina,RNP688
25.700.000,Renault,Sandero,Dinamique 1.6 full e. 16v mt,2016,29.000 km,5,Gasolina,Ijp523
28.300.000,Renault,Sandero,nan,2018,20.000 km,nan,Gasolina,***-**2
19.000.000,Renault,Sandero,Dynamique 1.6 8v,2011,107.600 km,5,Gasolina,RGT722
26.500.000,Renault,Sandero,GT LINE MT 1600CC 16V,2013,70.300 km,nan,Gasolina,NCY402
28.000.000,Renault,Sandero,Expression MT 1600CC AA,2017,42.500 km,5,Gasolina,JDU-495
31.000.000,Renault,Sandero,Trip Advisor 1.6 Mt Aa,2018,17.500 km,5,Gasolina,DWQ550
23.500.000,Renault,Sandero,Autentique,2014,43.500 km,5,Gasolina,HTT115
28.200.000,Renault,Sandero,Hatchback,2016,44.000 km,5,Gasolina,Dml630
31.000.000,Renault,Sandero,AUTOMATICO,2016,31.000 km,5,Gasolina,URV093
16.900.000,Renault,Sandero,Dynamique,2009,100.000 km,5,Gasolina,DBN552
26.500.000,Renault,Sandero,AUTOMATIQ 1598,2013,38.500 km,5,Gasolina,NEK 419
21.000.000,Renault,Sandero,Expression,2012,51.400 km,4,Gasolina,RMN957
28.900.000,Renault,Sandero,Dynamique,2016,34.000 km,4,Gasolina,*****5
26.500.000,Renault,Sandero,Otras Versiones,2013,53.200 km,nan,Gasolina,MKK204
25.200.000,Renault,Sandero,EXPRESSION MT 1600CC 8V AA,2015,61.000 km,nan,Gasolina,ZYL-864
26.500.000,Renault,Sandero,nan,2015,53.049 km,nan,Gasolina,ZZX-206
27.500.000,Renault,Sandero,Autenthique 1.6,2017,8.000 km,4,Gasolina,JEY-309
27.500.000,Renault,Sandero,Dinamique,2016,57.000 km,5,Gasolina,UUR 688
19.800.000,Renault,Sandero,GT FV 8V,2011,107.850 km,5,Gasolina,2
27.000.000,Renault,Sandero,DYNAMIQUE MT 1600CC 8V FE,2015,37.500 km,nan,Gasolina,URT-988
21.500.000,Renault,Sandero,EXPRESSION MT 1600CC 8V AA,2012,44.600 km,5,Gasolina,MJW556
28.000.000,Renault,Sandero,AUTHENTIQUE A.A,2017,56.000 km,5,Gasolina,IYM765
23.800.000,Renault,Sandero,Expression,2016,55.000 km,5,Gasolina,UTP 581
21.800.000,Renault,Sandero,Sandero gt line,2012,71.000 km,5,Gasolina,RLZ036
22.000.000,Renault,Sandero,Authentique MT 1600CC AA,2015,53.000 km,5,Gasolina,URS 036
21.500.000,Renault,Sandero,GT LINE MT 1600CC 16V,2011,77.000 km,5,Gasolina,RFY 334
30.500.000,Renault,Sandero,EXPRESSION MT 1600CC 8V AA,2016,18.600 km,nan,Gasolina,IVZ214
19.500.000,Renault,Sandero,DYNAMIQUE MT 1600CC 8V AA,2011,119.091 km,5,Gasolina,RHV 462
21.200.000,Renault,Sandero,Autentique 1.6 Mt Sa,2012,43.250 km,5,Gasolina,RMU965
22.500.000,Renault,Sandero,MT,2013,65.000 km,5,Gasolina,Mjx021
19.500.000,Renault,Sandero,EXPRESSION MT 1600CC AA,2010,79.640 km,5,Gasolina,DCW 128
25.700.000,Renault,Sandero,DINAMIQUE TWEED MT 1600CC AA,2015,52.000 km,5,Gasolina,ZYY 456
31.400.000,Renault,Sandero,Dynamique Mt 1.6 Fe AA 16v,2017,15.433 km,5,Gasolina,Jdr388
18.900.000,Renault,Sandero,nan,2010,85.000 km,nan,Gasolina,RAR740
41.200.000,Renault,Sandero,1600 dynamique,2019,4.788 km,5,Gasolina,Fos 941
22.000.000,Renault,Sandero,GT line 1.6,2012,42.111 km,4,Gasolina,MCY151
32.600.000,Renault,Sandero,Dynamique full equipo  AT 1600cc 16V,2017,24.538 km,5,Gasolina,DNK077
19.900.000,Renault,Sandero,Full equipo,2010,93.000 km,5,Gasolina,Ddx717
25.000.000,Renault,Sandero,EXPRESSION MT 1600CC 8V AA,2015,72.000 km,nan,Gasolina,ZZK-469
22.500.000,Renault,Sandero,1.6 AUTENTIQUE 5P 4X2,2015,32.000 km,5,Gasolina,IEL223
23.900.000,Renault,Sandero,GT Line 1.6 16 valvulas,2013,45.266 km,5,Gasolina,NCQ302
25.900.000,Renault,Sandero,GT LINE MT 1600CC 16V,2015,73.000 km,nan,Gasolina,zyw694
23.400.000,Renault,Sandero,AUTHENTIQUE MT 1600CC 8V SA,2014,83.000 km,5,Gasolina,HCP645
19.800.000,Renault,Sandero,GT MUSIQUE,2011,97.500 km,5,Gasolina,RDX 602
23.700.000,Renault,Sandero,Dinamic,2014,52.000 km,5,Gasolina,HTV-194
21.200.000,Renault,Sandero,DINAMIQUE FULL 1600,2012,78.100 km,5,Gasolina,RNP-268
19.000.000,Renault,Sandero,DYNAMIQUE MT 1600CC 8V FE,2011,122.000 km,nan,Gasolina,RHN164
23.500.000,Renault,Sandero,Sandero,2016,32.500 km,5,Gasolina,5
19.500.000,Renault,Sandero,Dynamique Mt 1600CC AA AB ABS,2011,23.807 km,5,Gasolina,KGV-957
17.500.000,Renault,Sandero,Sandero,2010,52.000 km,5,Gasolina,Dcx604
29.500.000,Renault,Sandero,Life 1598cc,2019,21.000 km,5,Gasolina,ELQ-262
19.800.000,Renault,Sandero,Sandero gt line 16 Valvulas,2011,81.000 km,5,Gasolina,RHM681
28.000.000,Renault,Sandero,Authenthique A.A,2018,33.000 km,5,Gasolina,JJK096
23.000.000,Renault,Sandero,GT LINE MT 1600CC 16V FE,2011,70.000 km,nan,Gasolina,*****7
36.000.000,Renault,Sandero,Exclusive,2018,8.000 km,5,Gasolina,***-**9
20.500.000,Renault,Sandero,DYNAMIQUE MT 1600CC 8V AA,2011,96.000 km,4,Gasolina,RHQ919
21.000.000,Renault,Sandero,Sedan,2014,84.000 km,5,Gasolina,HCV 860
20.000.000,Renault,Sandero,EXPRESSION MT 1600CC 8V AA,2011,64.000 km,nan,Gasolina,2
20.000.000,Renault,Sandero,GT LINE MT 1600CC 16V FE,2010,126.000 km,nan,Gasolina,RAS480
25.000.000,Renault,Sandero,AT 1600CC AA,2013,63.800 km,5,Gasolina,HAR 583
47.000.000,Renault,Sandero,RS MT 2.0L,2017,5.000 km,nan,Gasolina,Dyz500
26.000.000,Renault,Sandero,EXPRESSION MT 1600CC 8V AA,2015,39.000 km,nan,Gasolina,ZIY427
18.500.000,Renault,Sandero,AUTHNTIQUE MT 1600CC,2012,130.000 km,5,Gasolina,******8
21.600.000,Renault,Sandero,GT LINE MT 1600CC 16V FE,2011,90.200 km,nan,Gasolina,RHT-110
21.800.000,Renault,Sandero,Authentique MT 1600CC AA,2014,48.950 km,5,Gasolina,HBM-696
26.800.000,Renault,Sandero,DYNAMIQUE AT 1600CC 16V,2015,33.700 km,nan,Gasolina,UTQ969
22.500.000,Renault,Sandero,GT LINE MT 1600CC 16V FE,2012,80.000 km,nan,Gasolina,RIX-169
21.400.000,Renault,Sandero,GT LINE MT 1600CC 16V,2011,79.500 km,nan,Gasolina,LCI833
23.500.000,Renault,Sandero,DYNAMIQUE MT 1600CC 8V AA,2013,84.000 km,nan,Gasolina,***-**0
16.500.000,Renault,Sandero,Expression,2009,128.000 km,5,Gasolina,Dcc520
30.500.000,Renault,Sandero,Dinámic automático,2016,30.000 km,5,Gasolina,Iws247
27.000.000,Renault,Sandero,DYNAMIQUE AT 1600CC 16V AA,2014,64.000 km,nan,Gasolina,*****1
32.900.000,Renault,Sandero,DYNAMIQUE MT 1600CC 8V FE,2016,24.000 km,nan,Gasolina,IMW-084
32.500.000,Renault,Sandero,AUTHENTIQUE MT 1600CC 8V AA,2019,1.935 km,nan,Gasolina,EMP-457
23.000.000,Renault,Sandero,AUTHENTIQUE,2016,27.000 km,5,Gasolina,***-**6
22.000.000,Renault,Sandero,AUTHENTIQUE MT 1600CC 8V AA,2014,55.000 km,nan,Gasolina,HCL930
21.600.000,Renault,Sandero,autentyque,2015,31.800 km,4,Gasolina,UCQ707
19.900.000,Renault,Sandero,GT LINE MT 1600CC 16V,2011,87.560 km,nan,Gasolina,KJO 331
26.500.000,Renault,Sandero,Nuevo Sandero,2016,22.300 km,5,Gasolina,IVS919
23.500.000,Renault,Sandero,DYNAMIQUE MT 1600CC 8V FE,2010,26.700 km,nan,Gasolina,*****6
33.500.000,Renault,Sandero,AUTOMATIQ AT 1600cc AA,2017,15.000 km,5,Gasolina,IUW868
30.000.000,Renault,Sandero,EXPRESSION MT 1600CC 8V AA,2017,20.000 km,nan,Gasolina,JDM005
27.900.000,Renault,Sandero,Aut0matico,2016,45.000 km,4,Gasolina,Dgt504
28.000.000,Renault,Sandero,AUTHENTIQUE MT 1600CC 8V AA,2018,19.000 km,nan,Gasolina,***-**5
19.000.000,Renault,Sandero,nan,2010,89.000 km,nan,Gasolina,KAL-078
18.500.000,Renault,Sandero,DYNAMIQUE AT 1600CC 16V AA,2011,110.000 km,nan,Gasolina,RHS775
21.500.000,Renault,Sandero,EXPRESSION MT 1600CC 8V AA,2010,97.000 km,nan,Gasolina,RAS-082
25.300.000,Renault,Sandero,EXPRESSION MT 1600CC 8V AA,2015,46.313 km,nan,Gasolina,IDW 269
19.700.000,Renault,Sandero,Dynamique Automatico 1.6 Hb,2012,71.000 km,5,Gasolina,RLZ785
17.500.000,Renault,Sandero,GT,2009,130.000 km,5,Gasolina,DCK-793
32.900.000,Renault,Sandero,TRIP ADVISOR 1600,2018,18.000 km,nan,Gasolina,ELY213
29.900.000,Renault,Sandero,Life,2019,13.200 km,nan,Gasolina,FNS-106
19.700.000,Renault,Sandero,EXPRESSION MT 1600CC 8V AA,2012,57.500 km,nan,Gasolina,*****2
30.000.000,Renault,Sandero,AUTHENTIQUE MT 1600CC 8V SA,2017,12.000 km,nan,Gasolina,Iwn680
27.500.000,Renault,Sandero,AUTHENTIQUE MT 1600CC 8V AA,2016,30.500 km,nan,Gasolina,IWU247
35.000.000,Renault,Sandero,TRIP ADVISOR 1600,2018,7.050 km,nan,Gasolina,EBV-160
19.000.000,Renault,Sandero,EXPRESSION MT 1600CC 8V AA,2010,80.000 km,nan,Gasolina,RZM 750
28.500.000,Renault,Sandero,Expression Mt 1600Cc Aa,2018,7.000 km,5,Gasolina,***-**7
17.000.000,Renault,Sandero,Dinamic AA 1.6 5P,2009,82.000 km,5,Gasolina,NVU-827
25.900.000,Renault,Sandero,EXPRESSION MT 1600CC 8V AA,2016,45.600 km,5,Gasolina,INT311
18.900.000,Renault,Sandero,GT LINE MT 1600CC 16V,2010,82.000 km,nan,Gasolina,DCP-304
22.300.000,Renault,Sandero,AUTHENTIQUE MT 1600CC 8V AA,2013,60.480 km,nan,Gasolina,HAX-919
28.600.000,Renault,Sandero,nan,2018,23.000 km,nan,Gasolina,DNR-574
29.500.000,Renault,Sandero,EXPRESSION MT 1600CC 8V AA,2017,12.900 km,nan,Gasolina,JFL-149
42.900.000,Renault,Sandero,RS MT 2000CC,2017,13.000 km,nan,Gasolina,HYT931
21.400.000,Renault,Sandero,GT LINE MT 1600CC 16V,2011,105.000 km,nan,Gasolina,MQN-957
26.000.000,Renault,Sandero,AUTHENTIQUE MT 1600CC 8V AA,2018,21.617 km,nan,Gasolina,DNR-561
19.400.000,Renault,Sandero,GT LINE MT 1600CC 16V FE,2010,115.000 km,nan,Gasolina,DCU-799
20.900.000,Renault,Sandero,Aut. Dynamique,2015,35.000 km,5,Gasolina,UCL-897
24.700.000,Renault,Sandero,AUTHENTIQUE MT 1600CC 8V SA,2016,35.000 km,nan,Gasolina,XXX001
37.990.000,Renault,Sandero,Sandero Polar,2020,0 km,5,Gasolina,000000
26.800.000,Renault,Sandero,LIFE A.A 1600C,2018,30.000 km,4,Gasolina,EDW768
18.500.000,Renault,Sandero,EXPRESSION MT 1600CC 8V AA,2012,88.000 km,4,Gasolina,MBV901
35.490.000,Renault,Sandero,Life,2020,0 km,5,Gasolina,000000
42.300.000,Renault,Sandero,NEW SANDERO RS 2.0 MEC,2018,10.485 km,4,Gasolina,EPR772
34.900.000,Renault,Sandero,NEW SANDERO 1.6 AUT,2017,28.410 km,4,Gasolina,INQ623
30.900.000,Renault,Sandero,AUTHENTIQUE MT 1600CC 8V AA,2016,36.100 km,4,Gasolina,INN287
25.900.000,Renault,Sandero,AUTENTIQUE,2016,51.800 km,5,Gasolina,IKX649
34.900.000,Renault,Sandero,NEW SANDERO 1.6 AUT,2017,30.400 km,4,Gasolina,INQ136
24.000.000,Renault,Sandero,Sandero Automatico,2014,61.937 km,5,Gasolina,KLM550
28.700.000,Renault,Sandero,SANDERO 1.6 AUT,2015,74.530 km,4,Gasolina,KAT315
20.500.000,Renault,Sandero,sandero expression,2012,61.000 km,4,Gasolina,rjx854
28.900.000,Renault,Sandero,RENA,2015,63.448 km,5,Gasolina,HQW201
22.500.000,Renault,Sandero,Dynamique,2014,83.000 km,5,Gasolina,8
24.900.000,Renault,Sandero,RENAULT SANDERO 1600 CC MT AA 2017,2017,52.000 km,5,Gasolina,DMU669
42.489.000,Renault,Sandero,Exclusive,2018,8.000 km,5,Gasolina,ejw799
35.000.000,Renault,Sandero,DYNAMIQUE AT 1600CC 16V,2017,30.940 km,5,Gasolina,IUW630
22.900.000,Renault,Sandero,DYNAMIQUE AT 1600CC 16V AA,2012,54.000 km,nan,Gasolina,DFL164
20.900.000,Renault,Sandero,AUTHENTIQUE MT 1600CC 8V AA,2012,56.000 km,5,Gasolina,ROK974
21.500.000,Renault,Sandero,GT LINE MT 1600CC 16V FE,2012,71.000 km,nan,Gasolina,xxx4
22.500.000,Renault,Sandero,DYNAMIQUE 1600,2012,71.000 km,4,Gasolina,RJY503
23.900.000,Renault,Sandero,RENAULT,2012,10.800 km,5,Gasolina,CRL575
37.500.000,Renault,Sandero,DYNAMIQUE AT 1600CC 16V AA,2017,31.000 km,5,Gasolina,IHL945
18.890.000,Renault,Sandero,SANDERO DYNAMIQUE,2011,81.000 km,5,Gasolina,RCQ250
16.000.000,Renault,Sandero,sandero  expression,2009,135.200 km,5,Gasolina,DCF129
24.000.000,Renault,Sandero,GT LINE,2013,66.000 km,5,Gasolina,NBT630
31.500.000,Renault,Sandero,SANDERO EXPRESION,2018,32.000 km,5,Gasolina,DSV350
18.990.000,Renault,Sandero,Authentique 1.6 MT,2012,92.843 km,5,Gasolina,RJP843
18.900.000,Renault,Sandero,EXPRESSION AA,2011,69.733 km,4,Gasolina,RHS-634
28.900.000,Renault,Sandero,RENAULT,2016,35.000 km,5,Gasolina,DJY477
17.500.000,Renault,Sandero,Expression,2011,102.919 km,5,Gasolina,Placa par
17.400.000,Renault,Sandero,DYNAMIQUE,2009,77.000 km,5,Gasolina,DDC-107
18.990.000,Renault,Sandero,"RENAULT SANDERO DYNAMIQUE MT 1,6",2011,91.000 km,4,Gasolina,4
33.800.000,Renault,Sandero,DYNAMIQUE,2017,34.000 km,5,Gasolina,2
31.900.000,Renault,Sandero,nan,2017,37.000 km,nan,nan,jcw634
27.900.000,Renault,Sandero,1600cc Aa  Automatic,2016,33.000 km,4,Gasolina,IFV 930
40.900.000,Renault,Sandero,"RENAULT SANDERO RS 2,0",2017,7.232 km,4,Gasolina,DOO516
42.490.000,Renault,Sandero,RS,2017,22.254 km,4,Gasolina,JFQ795
31.000.000,Renault,Sandero,GT LINE 1.6Lt 16V MT,2016,37.200 km,4,Gasolina,UST021
27.500.000,Renault,Sandero,SANDERO EXPRESSION 1.6Lt 8V,2015,37.250 km,4,Gasolina,HGS353
24.500.000,Renault,Sandero,nan,2016,39.000 km,nan,nan,IFR499
19.500.000,Renault,Sandero,Expression,2012,82.511 km,4,Gasolina,3
46.290.000,Renault,Sandero,Intens,2020,0 km,5,Gasolina,nan
28.000.000,Renault,Sandero,Tweed,2015,48.000 km,5,Gasolina,ZYQ182
35.890.000,Renault,Sandero,LIFE,2020,0 km,4,Gasolina,OOO000
35.990.000,Renault,Sandero,RENAULT SANDERO LIFE,2019,0 km,4,Gasolina,AAA000
37.990.000,Renault,Sandero,POLAR,2020,0 km,5,Gasolina,xxxooo
27.900.000,Renault,Sandero,SANDERO EXPRESSION 1.6,2015,48.340 km,4,Gasolina,ZZS995
23.490.000,Renault,Sandero,DYNAMIQUE AT 1600CC 16V AA,2013,94.000 km,nan,Gasolina,MPO307
18.900.000,Renault,Sandero,DINAMIQUE FULL/ financio,2011,110.000 km,4,Gasolina,kgd090
21.900.000,Renault,Sandero,GT LINE,2012,66.000 km,5,Gasolina,8
36.900.000,Renault,Sandero,"RENAULT NUEVO SANDERO 1,6 AUT",2016,18.715 km,4,Gasolina,IXS145
33.800.000,Renault,Sandero,RENAULT NUEVO SANDERO EXPRESSION,2018,30.600 km,5,Gasolina,EHO428
35.890.000,Renault,Sandero,Life,2020,0 km,nan,Gasolina,000
21.500.000,Renault,Sandero,RENAULT SANDERO 1.600CC,2015,54.000 km,5,Gasolina,UDL489
27.900.000,Renault,Sandero,nan,2014,49.500 km,nan,nan,his788
25.900.000,Renault,Sandero,AUTHENTIQUE MT 1600CC 8V SA,2016,28.000 km,nan,Gasolina,IJS080
26.800.000,Renault,Sandero,AUTHENTIQUE,2016,43.300 km,4,Gasolina,IWN117
28.900.000,Renault,Sandero,EXPRESSION 1.6LT 8V MT,2016,39.030 km,4,Gasolina,JEP930
25.000.000,Renault,Sandero,GT LINE MT 1600CC 16V FE,2014,63.000 km,5,Gasolina,HJP989
23.900.000,Renault,Sandero,gt,2012,58.000 km,5,Gasolina,MBN024
29.490.000,Renault,Sandero,EXPRESSION MT 1600CC 8V AA,2016,40.588 km,nan,Gasolina,IJS701
23.900.000,Renault,Sandero,Renault sandero aut,2012,49.900 km,4,Gasolina,rol312
32.500.000,Renault,Sandero,GT LINE MT 1600CC 16V FE,2015,65.700 km,5,Gasolina,IDZ775
28.900.000,Renault,Sandero,AUTHENTIQUE CA,2018,27.000 km,5,Gasolina,DNL232
25.000.000,Renault,Sandero,nan,2013,38.000 km,nan,nan,impar
38.900.000,Renault,Sandero,RS Sport,2017,23.000 km,5,Gasolina,edx435
25.800.000,Renault,Sandero,DYNAMIQUE AT 1600CC 16V,2014,67.000 km,5,Gasolina,HPS147
21.990.000,Renault,Sandero,GT LINE,2011,65.000 km,5,Gasolina,RHT668
29.500.000,Renault,Sandero,nan,2018,44.000 km,nan,Gasolina,efm917
23.000.000,Renault,Sandero,EXPRESSION MT 1600CC 8V AA,2012,89.000 km,nan,Gasolina,RIN252
28.500.000,Renault,Sandero,LOGAN LIFE,2018,59.200 km,5,Gasolina,IVV475
34.500.000,Renault,Sandero,New Sandero Aut,2017,34.000 km,5,Gasolina,IUX108
22.000.000,Renault,Sandero,EXPRESSION MT 1600CC 8V AA,2013,59.000 km,nan,Gasolina,MPO-457
31.800.000,Renault,Sandero,Expression,2018,14.080 km,5,Gasolina,EDX699
18.000.000,Renault,Sandero,expresion,2014,75.000 km,5,Gasolina,hnw902
23.990.000,Renault,Sandero,AUTENTIQUE AA,2016,52.000 km,4,Gasolina,IVW623
25.490.000,Renault,Sandero,AUTHENTIQUE AA,2016,44.000 km,4,Gasolina,IKU456
19.000.000,Renault,Sandero,AUTENTIQUE,2012,40.000 km,5,Gasolina,MAU518
37.290.000,Renault,Sandero,DYNAMIQUE AT 1600CC 16V AA,2018,17.000 km,nan,Gasolina,DZT625
38.500.000,Renault,Sandero,RS Sport,2017,22.994 km,5,Gasolina,DQL600
15.900.000,Renault,Sandero,AUTHENTIQUE,2009,108.000 km,5,Gasolina,6
24.698.000,Renault,Sandero,AUTHENTIQUE,2016,44.000 km,4,Gasolina,IKU456
35.640.000,Renault,Sandero,Life,2020,0 km,4,Gasolina,nan
17.490.000,Renault,Sandero,Dinamique,2009,88.000 km,4,Gasolina,*****2
30.500.000,Renault,Sandero,nan,2019,16.000 km,nan,Gasolina,xxxxx4
16.600.000,Renault,Sandero,SANDERO,2009,130.000 km,4,Gasolina,XXX583
22.300.000,Renault,Sandero,Sandero GT Line Automatiq,2012,96.500 km,5,Gasolina,GRG-278
24.000.000,Renault,Sandero,GT LINE,2014,82.000 km,4,Gasolina,HIS232
25.950.000,Renault,Sandero,GTLine,2015,37.000 km,4,Gasolina,xxxx4
24.900.000,Renault,Sandero,Expression,2016,43.000 km,5,Gasolina,UTN810
28.000.000,Renault,Sandero,gt line,2016,47.800 km,4,Gasolina,utl903
24.500.000,Renault,Sandero,Automatico,2014,43.800 km,5,Gasolina,HGV160
19.400.000,Renault,Sandero,RENAULT SANDERO AA,2012,88.000 km,5,Gasolina,MCZ533
19.900.000,Renault,Sandero,SANDERO EXPRESSIÓN,2012,55.000 km,5,Gasolina,*****9
18.300.000,Renault,Sandero,nan,2010,103.000 km,nan,nan,Ddn158
25.000.000,Renault,Sandero,Sandero expression,2015,57.000 km,5,Gasolina,UCX 213
19.900.000,Renault,Sandero,Renault Sandero,2012,70.000 km,5,Gasolina,2
29.700.000,Renault,Sandero,GT Line,2016,54.000 km,4,Gasolina,787
22.150.000,Renault,Sandero,Expression,2013,53.000 km,5,Gasolina,NBZ591
21.000.000,Renault,Sandero,GT LINE MT 1600CC 16V,2012,99.500 km,4,Gasolina,8
31.500.000,Renault,Sandero,TRIP ADVISOR,2018,13.800 km,5,Gasolina,DXK138
18.800.000,Renault,Sandero,Expression Full Equipo 1.6,2012,116.700 km,5,Gasolina,ABC129
24.500.000,Renault,Sandero,Sandero dinamic,2015,21.200 km,5,Gasolina,515
17.700.000,Renault,Sandero,SANDERO AUTENTIQUE,2012,132.000 km,5,Gasolina,MCL884
17.300.000,Renault,Sandero,Sandero GT Line,2010,94.000 km,4,Gasolina,DDH-014
24.900.000,Renault,Sandero,Expression,2015,54.017 km,5,Gasolina,xxxxx3
19.000.000,Renault,Sandero,Aunthetique,2012,37.300 km,5,Gasolina,RKS092
22.000.000,Renault,Sandero,Auténtique,2013,69.500 km,5,Gasolina,PAR
22.500.000,Renault,Sandero,expresión 1.6,2012,79.000 km,4,Gasolina,impar terminada en 1
23.000.000,Renault,Sandero,2015,2015,103.000 km,4,Gasolina,Bgx513
39.000.000,Renault,Sandero,sandero rs,2017,22.000 km,5,Gasolina,JDU525
24.000.000,Renault,Sandero,automatiq,2014,62 km,5,Gasolina,698
21.000.000,Renault,Sandero,nan,2012,67.000 km,nan,nan,MAW604
16.500.000,Renault,Sandero,Sandero GT,2009,135.000 km,5,Gasolina,2
22.000.000,Renault,Sandero,Dinamic,2013,105.000 km,5,Gasolina,MPU 3
21.450.000,Renault,Sandero,Autentique,2015,41.000 km,5,Gasolina,Par
17.300.000,Renault,Sandero,Renault Sandero dinamic,2009,120.430 km,5,Gasolina,DAI353
27.900.000,Renault,Sandero,Expression,2015,23.500 km,5,Gasolina y gas,IDX778
19.200.000,Renault,Sandero,Autentique,2011,106.000 km,5,Gasolina,CWY002
26.000.000,Renault,Sandero,GT LINE FUL EQUIPO,2015,42.000 km,5,Gasolina,Particular
31.500.000,Renault,Sandero,Expression Night & D,2017,2.400 km,5,Gasolina,DNM 374
21.200.000,Renault,Sandero,Gt Line,2012,100.000 km,4,Gasolina,4
21.200.000,Renault,Sandero,Gt Line,2012,100.000 km,4,Gasolina,4
34.900.000,Renault,Sandero,Dynamique AT,2017,15.200 km,5,Gasolina,JEV271
21.200.000,Renault,Sandero,Gt Line,2012,100.000 km,4,Gasolina,mcq044
33.500.000,Renault,Sandero,Sandero Expression,2018,19.000 km,5,Gasolina,par
19.900.000,Renault,Sandero,Expresion,2010,85.000 km,5,Gasolina,OOO777
21.600.000,Renault,Sandero,autentique,2016,42.000 km,5,Gasolina,iku553
22.000.000,Renault,Sandero,Authentique,2014,54.828 km,5,Gasolina,HH
23.000.000,Renault,Sandero,Authentic,2014,60.000 km,4,Gasolina,HSW 491
24.000.000,Renault,Sandero,Hachback,2013,63.850 km,4,Gasolina y gas,HAR583
28.000,Renault,Sandero,lift,2018,24.000 km,5,Gasolina,DWQ580
17.500.000,Renault,Sandero,Sandero expresión,2009,105.000 km,5,Gasolina,Dbq548
28.000.000,Renault,Sandero,Sandero Life,2019,26.000 km,5,Gasolina,EJT3344
19.000.000,Renault,Sandero,RENAUL SANDERO EXPRESSION,2011,80.000 km,5,Gasolina,XXX152
24.500.000,Renault,Sandero,SANDERO EXPRESSION 2015,2015,59.000 km,4,Gasolina,IAT328
21.500.000,Renault,Sandero,autentique,2013,45.000 km,5,Gasolina,5
27.000.000,Renault,Sandero,Dinamique,2015,34.000 km,5,Gasolina,Htp 917
32.500.000,Renault,Sandero,Renault Sandero life,2019,5.900 km,5,Gasolina,FNS 551
18.500.000,Renault,Sandero,sandero expression,2011,80.000 km,5,Gasolina,rbw572
21.400.000,Renault,Sandero,autentique,2015,35.000 km,5,Gasolina,hvv339
19.000.000,Renault,Sandero,Autentic,2013,91.000 km,5,Gasolina,*****4
24.000.000,Renault,Sandero,sandero 1.6,2016,80.000 km,5,Gasolina,imu297
26.000.000,Renault,Sandero,GT LINE FUL EQUIPO,2015,42.000 km,5,Gasolina,PARTICULAR
22.000.000,Renault,Sandero,Dinamiquet gt line,2012,200.000 km,4,Gasolina y gas,Rjp391
21.000.000,Renault,Sandero,Expresion,2012,59.000 km,5,Gasolina,Mjv966
41.500.000,Renault,Sandero,Sandero RS,2017,7.100 km,5,Gasolina,Par
21.000.000,Renault,Sandero,Expression,2013,80.000 km,4,Gasolina,4
24.000.000,Renault,Sandero,Expresión sl 45,2015,33.500 km,5,Gasolina,Urr042
20.000.000,Renault,Sandero,aunthentic,2014,82.000 km,5,Gasolina,hcw903
41.600.000,Renault,Sandero,EXCLUSIVE,2018,10.335 km,5,Gasolina,PAR (6)
19.000.000,Renault,Sandero,Autentique 2012,2012,84.000 km,5,Gasolina,Pares
32.000.000,Renault,Sandero,DYNAMIC,2016,19.600 km,5,Gasolina,8
24.000.000,Renault,Sandero,Gt line,2012,86.000 km,5,Gasolina,KHZ479
23.000.000,Renault,Sandero,Sandero 2015,2015,50.000 km,4,Gasolina,Impar
17.000.000,Renault,Sandero,GT 1.6,2010,156.000 km,5,Gasolina,9
20.000.000,Renault,Sandero,Authentique,2013,44.500 km,5,Gasolina,HBR108
33.500.000,Renault,Sandero,Dynamique,2017,8.500 km,5,Gasolina,JET625
26.600.000,Renault,Sandero,SANDERO GT LINE,2015,39.000 km,5,Gasolina,UCN297
33.500.000,Renault,Sandero,2019,2019,6.500 km,4,Gasolina,EMS069
22.900.000,Renault,Sandero,GT LINE MT 1600CC 16V,2012,91.150 km,nan,Gasolina,RMK996|
34.500.000,Renault,Sandero,2019,2019,4.500 km,5,Gasolina,Fol206
19.000.000,Renault,Sandero,Sandero gt,2010,122.000 km,5,Gasolina,Ddi 820
20.000.000,Renault,Sandero,nan,2011,75.000 km,nan,Gasolina,RHZ921
21.500.000,Renault,Sandero,GT LINE,2012,70.000 km,5,Gasolina,RLW771
22.000.000,Renault,Sandero,Autentique,2014,47.000 km,5,Gasolina,*****1
28.900.000,Renault,Sandero,Life,2018,24.000 km,nan,Gasolina,*****0
25.000.000,Renault,Sandero,DYNAMIQUE MT 1600CC 8V AA,2013,60.000 km,nan,Gasolina,*****4
33.500.000,Renault,Sandero,Dynamique,2017,8.500 km,5,Gasolina,JET625
19.000.000,Renault,Sandero,DYNAMIQUE MT 1600CC 8V AA,2010,82.000 km,nan,Gasolina,*****0
21.500.000,Renault,Sandero,AUTENTIQUE,2015,49.200 km,5,Gasolina,ZZM603
32.800.000,Renault,Sandero,full equipo,2019,100 km,5,Gasolina,fzt751
15.400.000,Renault,Sandero,Sandero,2011,113.000 km,5,Gasolina,KIV647
