title,price,surface,rooms,baths,garages
PORTONOVO,Desde $ 181.027.000 Hasta $ 285.632.000,"55,36 a 89,26 m²",2,2,nan
Apartamento en Venta La Ceja fatima,$ 181.027.200,"55,00 m²",2,2,nan
Apartamento en Venta La Ceja LA CEJA,$ 235.000.000,"68,00 m²",3,2,1
PORTONOVO,Desde $ 181.027.000 Hasta $ 285.632.000,"55,36 a 89,26 m²",2,2,nan
Apartamento en Venta La Ceja la ceja,$ 210.000.000,"68,00 m²",2,2,1
Apartamento en Venta La Ceja La paz del Tambo,$ 138.000.000,"59,00 m²",3,2,nan
Edificio El Encanto,Desde $ 149.000.000 Hasta $ 173.000.000,"79,00 a 89,00 m²",3,2,nan
Apartamento en Venta La Ceja Circunvalar,$ 150.000.000,"56,00 m²",3,2,nan
Edificio El Encanto,Desde $ 149.000.000 Hasta $ 173.000.000,"79,00 a 89,00 m²",3,2,nan
Edificio El Encanto,Desde $ 149.000.000 Hasta $ 173.000.000,"79,00 a 89,00 m²",3,2,nan
Edificio El Encanto,Desde $ 149.000.000 Hasta $ 173.000.000,"79,00 a 89,00 m²",3,2,nan
Apartamento en Venta La Ceja La Ceja,$ 155.000.000,"68,00 m²",3,2,nan
Apartamento en Venta La Ceja La Ceja,$ 130.000.000,"58,00 m²",2,2,nan
PORTONOVO,Desde $ 181.027.000 Hasta $ 285.632.000,"55,36 a 89,26 m²",2,2,nan
Apartamento en Venta La Ceja Mobilia,$ 187.000.000,"105,00 m²",3,2,nan
PORTONOVO,Desde $ 181.027.000 Hasta $ 285.632.000,"55,36 a 89,26 m²",2,2,nan
Apartamento en Venta La Ceja La ceja,$ 297.000.000,"90,00 m²",3,2,1
Apartamento en Venta La Ceja LA CEJA,$ 295.000.000,"76,00 m²",3,2,1
PORTONOVO,Desde $ 181.027.000 Hasta $ 285.632.000,"55,36 a 89,26 m²",2,2,nan
Apartamento en Venta La Ceja Entrando a la Ceja,$ 280.000.000,"60,00 m²",2,2,1
Apartamento en Venta La Ceja LA CEJA,$ 280.000.000,"79,00 m²",3,2,1
PORTONOVO,Desde $ 181.027.000 Hasta $ 285.632.000,"55,36 a 89,26 m²",2,2,nan
Apartamento en Venta La Ceja El carmelo,$ 220.000.000,"68,30 m²",2,2,1
Apartamento en Venta La Ceja LA CEJA,$ 150.000.000,"60,00 m²",2,2,nan
Apartamento en Venta La Ceja La Ceja,$ 330.000.000,"87,00 m²",3,2,1
Apartamento en Venta La Ceja La Ceja,$ 140.000.000,"62,00 m²",3,2,nan
Apartamento en Venta La Ceja LA CEJA,$ 190.000.000,"78,00 m²",3,2,nan
Apartamento en Venta La Ceja Centro,$ 180.000.000,"60,00 m²",2,1,nan
Apartamento en Venta La Ceja ciudadela de las flores,$ 120.000.000,"56,00 m²",2,1,nan
Apartamento en Venta La Ceja LA CEJA,$ 245.000.000,"59,00 m²",2,2,1
Apartamento en Venta La Ceja La Ceja,$ 281.500.000,"81,00 m²",3,2,1
Apartamento en Venta La Ceja LA CEJA,$ 157.000.000,"65,00 m²",3,2,nan
Apartamento en Venta La Ceja Centro,$ 155.000.000,"65,00 m²",3,2,nan
Apartamento en Venta La Ceja LA CEJA,$ 185.000.000,"65,00 m²",2,2,1
Apartamento en Venta La Ceja LA CEJA,$ 250.000.000,"60,00 m²",2,2,1
Apartamento en Venta La Ceja LA CEJA,$ 150.000.000,"60,00 m²",2,2,nan
Apartamento en Venta La Ceja Tambo,$ 255.000.000,"68,00 m²",3,2,nan
Apartamento en Venta La Ceja LA CEJA,$ 160.000.000,"60,00 m²",3,1,nan
Apartamento en Venta La Ceja LA CEJA,$ 147.000.000,"82,00 m²",3,2,nan
Apartamento en Venta La Ceja La Ceja,$ 260.000.000,"79,00 m²",3,2,1
PORTONOVO,Desde $ 181.027.000 Hasta $ 285.632.000,"55,36 a 89,26 m²",2,2,nan
Apartamento en Venta La Ceja la ceja,$ 210.000.000,"68,00 m²",2,2,1
Apartamento en Venta La Ceja LA CEJA,$ 150.000.000,"61,00 m²",3,2,nan
PORTONOVO,Desde $ 181.027.000 Hasta $ 285.632.000,"55,36 a 89,26 m²",2,2,nan
Apartamento en Venta La Ceja fatima,$ 181.027.200,"55,00 m²",2,2,nan
Apartamento en Venta La Ceja centro,$ 210.000.000,"71,00 m²",2,2,1
Edificio El Encanto,Desde $ 149.000.000 Hasta $ 173.000.000,"79,00 a 89,00 m²",3,2,nan
Apartamento en Venta La Ceja LA CEJA,$ 220.000.000,"67,00 m²",2,2,1
PORTONOVO,Desde $ 181.027.000 Hasta $ 285.632.000,"55,36 a 89,26 m²",2,2,nan
Apartamento en Venta La Ceja juan pablo II,$ 151.000.000,"74,00 m²",3,2,nan
Apartamento en Venta La Ceja LA CEJA,$ 228.000.000,"64,00 m²",2,2,1
Apartamento en Venta La Ceja La Ceja,$ 290.000.000,"70,00 m²",3,2,1
Apartamento en Venta La Ceja Fray Eugenio,$ 140.000.000,"68,00 m²",1,2,nan
PORTONOVO,Desde $ 181.027.000 Hasta $ 285.632.000,"55,36 a 89,26 m²",2,2,nan
Apartamento en Venta La Ceja centro,$ 190.000.000,"78,00 m²",3,2,1
PORTONOVO,Desde $ 181.027.000 Hasta $ 285.632.000,"55,36 a 89,26 m²",2,2,nan
Apartamento en Venta La Ceja Confama,$ 145.000.000,"59,00 m²",3,2,nan
Apartamento en Venta La Ceja San Cayetano,$ 250.000.000,"104,00 m²",3,2,1
Edificio El Encanto,Desde $ 149.000.000 Hasta $ 173.000.000,"79,00 a 89,00 m²",3,2,nan
Apartamento en Venta La Ceja LA CEJA,$ 330.000.000,"85,00 m²",3,2,1
Apartamento en Venta La Ceja La Ceja,$ 160.000.000,"64,00 m²",3,2,nan
PORTONOVO,Desde $ 181.027.000 Hasta $ 285.632.000,"55,36 a 89,26 m²",2,2,nan
Apartamento en Venta La Ceja sector parque principal,$ 160.000.000,"84,00 m²",2,2,nan
Apartamento en Venta La Ceja central,$ 200.000.000,"6.551,00 m²",2,2,nan
Apartamento en Venta La Ceja LA CEJA,$ 220.000.000,"63,00 m²",2,2,1
Apartamento en Venta La Ceja Centro,$ 155.000.000,"65,00 m²",3,2,nan
Apartamento en Venta La Ceja LA CEJA,$ 445.000.000,"130,00 m²",3,2,1
Apartamento en Venta La Ceja LA CEJA,$ 220.000.000,"110,00 m²",3,2,nan
Apartamento en Venta La Ceja PARQUE PRINCIPAL,$ 270.000.000,"90,00 m²",3,2,1
PORTONOVO,Desde $ 181.027.000 Hasta $ 285.632.000,"55,36 a 89,26 m²",2,2,nan
PORTONOVO,Desde $ 181.027.000 Hasta $ 285.632.000,"55,36 a 89,26 m²",2,2,nan
PORTONOVO,Desde $ 181.027.000 Hasta $ 285.632.000,"55,36 a 89,26 m²",2,2,nan
PORTONOVO,Desde $ 181.027.000 Hasta $ 285.632.000,"55,36 a 89,26 m²",2,2,nan
PORTONOVO,Desde $ 181.027.000 Hasta $ 285.632.000,"55,36 a 89,26 m²",2,2,nan
Apartamento en Venta La Ceja Cerca al Parque,$ 250.000.000,"80,00 m²",3,3,1
Apartamento en Venta La Ceja Porton de santa maria,$ 235.000.000,"103,00 m²",3,3,1
Apartamento en Venta La Ceja LA CEJA,$ 200.000.000,"7.141,00 m²",2,2,nan
Apartamento en Venta La Ceja La Ceja,$ 190.000.000,"48,42 m²",1,1,nan
Apartamento en Venta La Ceja La Ceja,$ 160.000.000,"66,00 m²",3,2,nan
Apartamento en Venta La Ceja la cruz,$ 137.000.000,"56,00 m²",3,2,nan
PORTONOVO,Desde $ 181.027.000 Hasta $ 285.632.000,"55,36 a 89,26 m²",2,2,nan
Apartamento en Venta La Ceja fatima,$ 181.027.200,"55,00 m²",2,2,nan
Apartamento en Venta La Ceja LA CEJA,$ 157.000.000,"60,00 m²",2,2,nan
Edificio El Encanto,Desde $ 149.000.000 Hasta $ 173.000.000,"79,00 a 89,00 m²",3,2,nan
Apartamento en Venta La Ceja la ceja,$ 210.000.000,"68,00 m²",2,2,1
Apartamento en Venta La Ceja La Ceja,$ 285.000.000,"70,00 m²",3,2,nan
PORTONOVO,Desde $ 181.027.000 Hasta $ 285.632.000,"55,36 a 89,26 m²",2,2,nan
Apartamento en Venta La Ceja La Ceja,$ 180.000.000,"62,00 m²",2,2,1
PORTONOVO,Desde $ 181.027.000 Hasta $ 285.632.000,"55,36 a 89,26 m²",2,2,nan
Apartamento en Venta La Ceja Fátima ,$ 250.000.000,"114,00 m²",2,2,1
Apartamento en Venta La Ceja LA CEJA,$ 295.000.000,"85,00 m²",3,3,2
Apartamento en Venta La Ceja Centro,$ 200.000.000,"65,00 m²",2,2,1
Apartamento en Venta La Ceja LA CEJA,$ 210.000.000,"115,00 m²",5,2,nan
PORTONOVO,Desde $ 181.027.000 Hasta $ 285.632.000,"55,36 a 89,26 m²",2,2,nan
Apartamento en Venta La Ceja LA CEJA,$ 225.000.000,"70,00 m²",2,2,1
PORTONOVO,Desde $ 181.027.000 Hasta $ 285.632.000,"55,36 a 89,26 m²",2,2,nan
Apartamento en Venta La Ceja Fátima,$ 220.000.000,"60,00 m²",2,2,1
Apartamento en Venta La Ceja LA CEJA,$ 345.000.000,"105,00 m²",3,2,1
PORTONOVO,Desde $ 181.027.000 Hasta $ 285.632.000,"55,36 a 89,26 m²",2,2,nan
Apartamento en Venta La Ceja URBANIZACIÓN ROSALES,$ 155.000.000,"64,00 m²",3,2,1
Apartamento en Venta La Ceja LA CEJA,$ 250.000.000,"70,00 m²",2,2,1
Edificio El Encanto,Desde $ 149.000.000 Hasta $ 173.000.000,"79,00 a 89,00 m²",3,2,nan
Apartamento en Venta La Ceja LA CEJA,$ 235.000.000,"60,00 m²",2,2,nan
Apartamento en Venta La Ceja PAYUCO,$ 250.000.000,"125,00 m²",3,3,nan
Apartamento en Venta La Ceja Maderos,$ 135.000.000,"56,00 m²",2,2,nan
Apartamento en Venta La Ceja LA CEJA,$ 180.000.000,"58,00 m²",2,2,1
Apartamento en Venta La Ceja LA CEJA,$ 257.000.000,"59,00 m²",2,2,1
Apartamento en Venta La Ceja LA CEJA,$ 240.000.000,"60,00 m²",2,1,1
Apartamento en Venta La Ceja La Ceja,$ 285.000.000,"105,00 m²",3,2,nan
Apartamento en Venta La Ceja Girasoles del Tambo,$ 168.000.000,"56,00 m²",3,2,1
Apartamento en Venta La Ceja centro ,$ 200.000.000,"78,00 m²",3,2,1
Apartamento en Venta La Ceja Centro,$ 160.000.000,"84,00 m²",2,2,nan
Apartamento en Venta La Ceja LA CEJA,$ 245.000.000,"60,00 m²",2,2,1
Apartamento en Venta La Ceja OTRO BARRIO,$ 250.000.000,"125,00 m²",3,2,1
Apartamento en Venta La Ceja LA CEJA,$ 225.000.000,"64,00 m²",2,2,1
Apartamento en Venta La Ceja San Cayetano,$ 240.000.000,"128,00 m²",3,2,1
Apartamento en Venta La Ceja PAYUCO,$ 280.000.000,"130,00 m²",3,3,nan
Apartamento en Venta La Ceja La Ceja,$ 170.000.000,"56,00 m²",3,2,1
Apartamento en Venta La Ceja LA CEJA,$ 180.000.000,"57,00 m²",2,2,1
Apartamento en Venta La Ceja LA CEJA,$ 260.000.000,"59,00 m²",2,2,1
PORTONOVO,Desde $ 181.027.000 Hasta $ 285.632.000,"55,36 a 89,26 m²",2,2,nan
Apartamento en Venta La Ceja fatima,$ 181.027.200,"55,00 m²",2,2,nan
Apartamento en Venta La Ceja La Ceja,$ 240.000.000,"87,00 m²",3,2,1
PORTONOVO,Desde $ 181.027.000 Hasta $ 285.632.000,"55,36 a 89,26 m²",2,2,nan
Apartamento en Venta La Ceja la ceja,$ 210.000.000,"68,00 m²",2,2,1
Apartamento en Venta La Ceja PAYUCO,$ 260.000.000,"128,00 m²",3,3,nan
PORTONOVO,Desde $ 181.027.000 Hasta $ 285.632.000,"55,36 a 89,26 m²",2,2,nan
Apartamento en Venta La Ceja LA CEJA,$ 200.000.000,"68,00 m²",3,2,nan
PORTONOVO,Desde $ 181.027.000 Hasta $ 285.632.000,"55,36 a 89,26 m²",2,2,nan
Apartamento en Venta La Ceja Villas de la Argentina,$ 160.000.000,"65,00 m²",3,2,nan
Apartamento en Venta La Ceja TORRE VERSALLES,$ 230.100.000,"78,00 m²",2,2,nan
Apartamento en Venta La Ceja LA CEJA,$ 210.000.000,"68,00 m²",2,2,2
Apartamento en Venta La Ceja TORRE VERSALLES,$ 191.160.000,"6.480,00 m²",2,2,nan
Edificio El Encanto,Desde $ 149.000.000 Hasta $ 173.000.000,"79,00 a 89,00 m²",3,2,nan
Apartamento en Venta La Ceja LA CEJA,$ 235.000.000,"70,00 m²",3,2,1
PORTONOVO,Desde $ 181.027.000 Hasta $ 285.632.000,"55,36 a 89,26 m²",2,2,nan
Apartamento en Venta La Ceja TORRE VERSALLES,$ 236.914.500,"8.031,00 m²",2,2,nan
Apartamento en Venta La Ceja PAYUCO,$ 165.000.000,"58,00 m²",3,2,nan
Edificio El Encanto,Desde $ 149.000.000 Hasta $ 173.000.000,"79,00 a 89,00 m²",3,2,nan
Apartamento en Venta La Ceja El Carmelo,$ 250.000.000,"104,00 m²",2,2,1
Apartamento en Venta La Ceja LA CEJA,$ 295.000.000,"70,00 m²",3,2,1
PORTONOVO,Desde $ 181.027.000 Hasta $ 285.632.000,"55,36 a 89,26 m²",2,2,nan
Apartamento en Venta La Ceja LA CEJA,$ 225.000.000,"65,00 m²",2,1,1
Apartamento en Venta La Ceja Payuco,$ 165.000.000,"58,00 m²",3,2,1
Apartamento en Venta La Ceja LA CEJA,$ 220.000.000,"78,00 m²",3,2,1
Apartamento en Venta La Ceja La Ceja,$ 235.000.000,"90,00 m²",3,4,nan
Apartamento en Venta La Ceja LA CEJA,$ 270.000.000,"118,00 m²",2,2,nan
Apartamento en Venta La Ceja LA CEJA,$ 171.000.000,"85,00 m²",3,2,nan
Apartamento en Venta La Ceja Payuco,$ 165.000.000,"56,00 m²",2,2,1
Apartamento en Venta La Ceja LA CEJA,$ 260.000.000,"78,00 m²",2,3,1
Apartamento en Venta La Ceja LA CEJA,$ 250.000.000,"60,00 m²",3,2,1
Apartamento en Venta La Ceja PARQUE DE LA CEJA,$ 250.000.000,"78,25 m²",3,2,1
Apartamento en Venta La Ceja LA CEJA,$ 310.000.000,"85,00 m²",3,2,1
Apartamento en Venta La Ceja La Ceja,$ 252.000.000,"60,00 m²",2,2,1
Apartamento en Venta La Ceja LA CEJA,$ 262.000.000,"80,00 m²",2,2,1
Apartamento en Venta La Ceja PIEDRA VERDE,$ 310.000.000,"84,00 m²",2,2,1
Apartamento en Venta La Ceja La Ceja,$ 310.000.000,"85,00 m²",3,2,1
Apartamento en Venta La Ceja LA CEJA,$ 235.000.000,"59,00 m²",2,2,1
Apartamento en Venta La Ceja LA CEJA,$ 360.000.000,"90,00 m²",3,2,1
Apartamento en Venta La Ceja El Carmelo,$ 250.000.000,"104,00 m²",2,2,1
PORTONOVO,Desde $ 181.027.000 Hasta $ 285.632.000,"55,36 a 89,26 m²",2,2,nan
Apartamento en Venta La Ceja la ceja,$ 210.000.000,"68,00 m²",2,2,1
Apartamento en Venta La Ceja San Cayetano,$ 310.000.000,"85,00 m²",3,2,1
PORTONOVO,Desde $ 181.027.000 Hasta $ 285.632.000,"55,36 a 89,26 m²",2,2,nan
Apartamento en Venta La Ceja fatima,$ 181.027.200,"55,00 m²",2,2,nan
Apartamento en Venta La Ceja LA CEJA,$ 185.000.000,"62,00 m²",2,2,nan
PORTONOVO,Desde $ 181.027.000 Hasta $ 285.632.000,"55,36 a 89,26 m²",2,2,nan
Apartamento en Venta La Ceja LA CEJA,$ 180.000.000,"69,00 m²",3,2,nan
PORTONOVO,Desde $ 181.027.000 Hasta $ 285.632.000,"55,36 a 89,26 m²",2,2,nan
Apartamento en Venta La Ceja LA CEJA,$ 220.000.000,"78,00 m²",3,2,nan
Apartamento en Venta La Ceja LA CEJA,$ 235.000.000,"60,00 m²",2,2,1
Apartamento en Venta La Ceja LA CEJA,$ 175.000.000,"73,00 m²",2,2,nan
Apartamento en Venta La Ceja LA CEJA,$ 155.000.000,"93,00 m²",3,1,nan
PORTONOVO,Desde $ 181.027.000 Hasta $ 285.632.000,"55,36 a 89,26 m²",2,2,nan
Apartamento en Venta La Ceja PAYUCO,$ 280.000.000,"120,00 m²",3,3,nan
Edificio El Encanto,Desde $ 149.000.000 Hasta $ 173.000.000,"79,00 a 89,00 m²",3,2,nan
Apartamento en Venta La Ceja LA CEJA,$ 180.000.000,"78,00 m²",3,2,nan
Apartamento en Venta La Ceja GIRASOLES DEL TAMBO,$ 135.000.000,"56,00 m²",2,2,nan
Edificio El Encanto,Desde $ 149.000.000 Hasta $ 173.000.000,"79,00 a 89,00 m²",3,2,nan
Apartamento en Venta La Ceja Sector San Cayetano,$ 190.336.000,"59,48 m²",3,2,1
Apartamento en Venta La Ceja LA CEJA,$ 240.000.000,"128,00 m²",3,2,nan
PORTONOVO,Desde $ 181.027.000 Hasta $ 285.632.000,"55,36 a 89,26 m²",2,2,nan
Apartamento en Venta La Ceja LA CEJA,$ 240.000.000,"60,00 m²",2,2,1
Apartamento en Venta La Ceja LA CEJA,$ 220.000.000,"64,00 m²",2,2,1
Apartamento en Venta La Ceja LA CEJA,$ 165.000.000,"65,00 m²",3,2,1
Apartamento en Venta La Ceja LA CEJA,$ 270.000.000,"89,00 m²",3,2,1
Apartamento en Venta La Ceja LA CEJA,$ 200.000.000,"48,00 m²",1,1,1
Apartamento en Venta La Ceja LA CEJA,$ 180.000.000,"78,00 m²",2,2,nan
Apartamento en Venta La Ceja LA CEJA,$ 330.000.000,"87,00 m²",3,2,1
Apartamento en Venta La Ceja LA CEJA,$ 185.000.000,"80,00 m²",3,2,nan
Apartamento en Venta La Ceja LA CEJA,$ 280.000.000,"135,00 m²",3,2,1
Apartamento en Venta La Ceja SAN CAYETANO,$ 290.000.000,"85,00 m²",3,2,1
Apartamento en Venta La Ceja LA CEJA,$ 120.000.000,"56,00 m²",3,2,nan
Apartamento en Venta La Ceja LA CEJA,$ 196.000.000,"48,00 m²",1,1,1
Apartamento en Venta La Ceja LA CEJA,$ 430.000.000,"182,00 m²",3,4,1
Apartamento en Venta La Ceja LA CEJA,$ 300.000.000,"134,00 m²",2,3,1
Apartamento en Venta La Ceja LA CEJA,$ 240.000.000,"59,00 m²",2,2,1
Apartamento en Venta La Ceja LA CEJA,$ 380.000.000,"90,00 m²",3,2,nan
Apartamento en Venta La Ceja PARQUE,$ 294.000.000,"91,00 m²",3,2,1
Apartamento en Venta La Ceja LA CEJA,$ 290.000.000,"70,00 m²",3,2,1
PORTONOVO,Desde $ 181.027.000 Hasta $ 285.632.000,"55,36 a 89,26 m²",2,2,nan
Apartamento en Venta La Ceja fatima,$ 181.027.200,"55,00 m²",2,2,nan
Apartamento en Venta La Ceja LA CEJA,$ 260.000.000,"125,00 m²",3,2,1
PORTONOVO,Desde $ 181.027.000 Hasta $ 285.632.000,"55,36 a 89,26 m²",2,2,nan
Apartamento en Venta La Ceja la ceja,$ 210.000.000,"68,00 m²",2,2,1
Apartamento en Venta La Ceja Mira flores,$ 150.000.000,"66,00 m²",3,2,nan
PORTONOVO,Desde $ 181.027.000 Hasta $ 285.632.000,"55,36 a 89,26 m²",2,2,nan
Apartamento en Venta La Ceja Bayuco,$ 165.000.000,"56,00 m²",3,2,nan
Edificio El Encanto,Desde $ 149.000.000 Hasta $ 173.000.000,"79,00 a 89,00 m²",3,2,nan
Apartamento en Venta La Ceja LA CEJA,$ 230.000.000,"68,00 m²",2,2,1
Apartamento en Venta La Ceja V El Tambo,$ 205.000.000,"90,00 m²",3,2,nan
Apartamento en Venta La Ceja LA CEJA,$ 310.000.000,"85,00 m²",2,2,1
Apartamento en Venta La Ceja PARQUE DE LA CEJA,$ 250.000.000,"7.825,00 m²",2,2,nan
PORTONOVO,Desde $ 181.027.000 Hasta $ 285.632.000,"55,36 a 89,26 m²",2,2,nan
Apartamento en Venta La Ceja LA CEJA,$ 310.000.000,"84,00 m²",3,2,1
PORTONOVO,Desde $ 181.027.000 Hasta $ 285.632.000,"55,36 a 89,26 m²",2,2,nan
Apartamento en Venta La Ceja la ceja,$ 258.000.000,"80,00 m²",3,2,1
Apartamento en Venta La Ceja LA CEJA,$ 195.000.000,"60,00 m²",2,2,1
PORTONOVO,Desde $ 181.027.000 Hasta $ 285.632.000,"55,36 a 89,26 m²",2,2,nan
Apartamento en Venta La Ceja el rosal,$ 140.000.000,"62,00 m²",3,2,3
Apartamento en Venta La Ceja LA CEJA,$ 380.000.000,"143,00 m²",3,2,1
Edificio El Encanto,Desde $ 149.000.000 Hasta $ 173.000.000,"79,00 a 89,00 m²",3,2,nan
Apartamento en Venta La Ceja LA CEJA,$ 225.000.000,"73,00 m²",3,2,1
Apartamento en Venta La Ceja CENTRO,$ 220.000.000,"78,00 m²",3,2,1
Apartamento en Venta La Ceja Gualanday,$ 150.000.000,"95,00 m²",2,2,1
Apartamento en Venta La Ceja LA CEJA,$ 188.000.000,"48,00 m²",1,1,1
Apartamento en Venta La Ceja LA ALDEA,$ 172.000.000,"60,00 m²",3,2,nan
Apartamento en Venta La Ceja LA CEJA,$ 140.000.000,"63,00 m²",3,2,nan
Apartamento en Venta La Ceja TORRE NOVA,$ 185.000.000,"48,00 m²",1,1,nan
Apartamento en Venta La Ceja LA CEJA,$ 165.000.000,"57,00 m²",3,2,1
Apartamento en Venta La Ceja LA CEJA,$ 235.000.000,"60,00 m²",2,2,1
Apartamento en Venta La Ceja parque principal,$ 160.000.000,"84,00 m²",2,2,nan
Apartamento en Venta La Ceja LA CEJA,$ 240.000.000,"69,00 m²",2,2,1
Apartamento en Venta La Ceja LA CEJA,$ 115.000.000,"60,00 m²",3,1,nan
Apartamento en Venta La Ceja Payuco,$ 265.000.000,"130,00 m²",3,3,nan
Apartamento en Venta La Ceja LA CEJA,$ 175.000.000,"62,00 m²",3,1,nan
Apartamento en Venta La Ceja Payuco,$ 265.000.000,"130,00 m²",3,3,nan
PORTONOVO,Desde $ 181.027.000 Hasta $ 285.632.000,"55,36 a 89,26 m²",2,2,nan
Apartamento en Venta La Ceja fatima,$ 181.027.200,"55,00 m²",2,2,nan
Apartamento en Venta La Ceja Payuco,$ 270.000.000,"135,00 m²",3,3,nan
Edificio El Encanto,Desde $ 149.000.000 Hasta $ 173.000.000,"79,00 a 89,00 m²",3,2,nan
Apartamento en Venta La Ceja la ceja,$ 210.000.000,"68,00 m²",2,2,1
Apartamento en Venta La Ceja LA CEJA,$ 235.000.000,"68,00 m²",2,2,1
Edificio El Encanto,Desde $ 149.000.000 Hasta $ 173.000.000,"79,00 a 89,00 m²",3,2,nan
Apartamento en Venta La Ceja Centro,$ 220.000.000,"71,00 m²",2,2,nan
PORTONOVO,Desde $ 181.027.000 Hasta $ 285.632.000,"55,36 a 89,26 m²",2,2,nan
Apartamento en Venta La Ceja LA CEJA,$ 310.000.000,"120,00 m²",4,2,nan
Apartamento en Venta La Ceja SANTA LAURA,$ 205.000.000,"64,00 m²",2,1,1
Apartamento en Venta La Ceja LA CEJA,$ 235.000.000,"69,00 m²",2,2,1
Apartamento en Venta La Ceja LA CEJA,$ 210.000.000,"68,00 m²",2,2,1
PORTONOVO,Desde $ 181.027.000 Hasta $ 285.632.000,"55,36 a 89,26 m²",2,2,nan
Apartamento en Venta La Ceja LA CEJA,$ 290.000.000,"90,00 m²",3,2,1
PORTONOVO,Desde $ 181.027.000 Hasta $ 285.632.000,"55,36 a 89,26 m²",2,2,nan
Apartamento en Venta La Ceja LA CEJA,$ 180.000.000,"110,00 m²",4,4,nan
Apartamento en Venta La Ceja LA CEJA,$ 205.000.000,"86,00 m²",3,2,nan
PORTONOVO,Desde $ 181.027.000 Hasta $ 285.632.000,"55,36 a 89,26 m²",2,2,nan
Apartamento en Venta La Ceja LA CEJA,$ 200.000.000,"100,00 m²",3,2,nan
Apartamento en Venta La Ceja LA CEJA,$ 165.000.000,"60,00 m²",2,1,nan
PORTONOVO,Desde $ 181.027.000 Hasta $ 285.632.000,"55,36 a 89,26 m²",2,2,nan
Apartamento en Venta La Ceja LA CEJA,$ 185.000.000,"80,00 m²",3,2,nan
Apartamento en Venta La Ceja LA CEJA,$ 185.000.000,"80,00 m²",3,2,nan
Apartamento en Venta La Ceja La Ceja,$ 265.000.000,"117,00 m²",3,3,nan
Apartamento en Venta La Ceja La ceja,$ 174.542.000,"45,00 m²",1,1,1
Apartamento en Venta La Ceja La Ceja,$ 130.000.000,"60,00 m²",3,2,nan
Apartamento en Venta La Ceja LA CEJA,$ 265.000.000,"130,00 m²",3,3,1
Apartamento en Venta La Ceja PAYUCO,$ 265.000.000,"130,00 m²",3,3,1
Apartamento en Venta La Ceja cuatro esquinas,$ 220.000.000,"67,00 m²",3,2,1
Apartamento en Venta La Ceja fatima,$ 181.027.200,"55,00 m²",2,2,nan
Apartamento en Venta La Ceja parque,$ 185.000.000,"65,00 m²",2,2,1
Apartamento en Venta La Ceja LA CEJA,$ 330.600.000,"110,00 m²",3,2,nan
Apartamento en Venta La Ceja la ceja,$ 214.315.000,"72,00 m²",2,2,nan
Apartamento en Venta La Ceja La ceja,$ 264.000.000,"83,00 m²",2,2,1
Apartamento en Venta La Ceja La ceja,$ 180.000.000,"64,00 m²",3,2,1
Apartamento en Venta La Ceja la ceja,$ 210.000.000,"68,00 m²",2,2,1
Apartamento en Venta La Ceja PAYUCO,$ 240.000.000,"87,00 m²",3,2,1
PORTONOVO,Desde $ 181.027.000 Hasta $ 285.632.000,"55,36 a 89,26 m²",2,2,nan
Apartamento en Venta La Ceja la ceja,$ 210.000.000,"68,00 m²",2,2,1
Apartamento en Venta La Ceja Parque Principal,$ 250.000.000,"72,00 m²",2,2,nan
Edificio El Encanto,Desde $ 149.000.000 Hasta $ 173.000.000,"79,00 a 89,00 m²",3,2,nan
Apartamento en Venta La Ceja fatima,$ 181.027.200,"55,00 m²",2,2,nan
Edificio El Encanto,Desde $ 149.000.000 Hasta $ 173.000.000,"79,00 a 89,00 m²",3,2,nan
Apartamento en Venta La Ceja piedraverde,$ 325.000.000,"81,00 m²",3,2,1
PORTONOVO,Desde $ 181.027.000 Hasta $ 285.632.000,"55,36 a 89,26 m²",2,2,nan
Apartamento en Venta La Ceja Fatima,$ 218.800.000,"60,00 m²",2,2,1
Apartamento en Venta La Ceja La ceja,$ 220.600.000,"60,00 m²",2,2,1
Apartamento en Venta La Ceja Parque,$ 240.000.000,"72,00 m²",2,2,1
Apartamento en Venta La Ceja La ceja,$ 239.400.000,"60,00 m²",2,2,1
PORTONOVO,Desde $ 181.027.000 Hasta $ 285.632.000,"55,36 a 89,26 m²",2,2,nan
Apartamento en Venta La Ceja La ceja,$ 220.600.000,"60,00 m²",2,2,1
PORTONOVO,Desde $ 181.027.000 Hasta $ 285.632.000,"55,36 a 89,26 m²",2,2,nan
PORTONOVO,Desde $ 181.027.000 Hasta $ 285.632.000,"55,36 a 89,26 m²",2,2,nan
PORTONOVO,Desde $ 181.027.000 Hasta $ 285.632.000,"55,36 a 89,26 m²",2,2,nan
